date,polarity
2010-01-01,1.36773683564e-10
2010-01-02,0.000136363737168
2010-01-03,0.000250000351153
2010-01-04,1.0030071872e-09
2010-01-05,5.10010010013e-05
2010-01-06,-0.000400400401105
2010-01-07,-6.0361461013e-13
2010-01-08,-1.01005085975e-05
2010-01-09,-5.0477889059e-16
2010-01-10,3.75375375375e-07
2010-01-11,1.2412211811e-07
2010-01-12,-3.14664442511e-23
2010-01-13,2.00601402905e-07
2010-01-14,3.78380667499e-14
2010-01-15,-0.000812500100301
2010-01-16,-0.000517062914755
2010-01-17,5.00500500501e-07
2010-01-18,6.82502048981e-05
2010-01-19,6.25625626804e-08
2010-01-20,3.34687780458e-10
2010-01-21,0.000100000000137
2010-01-22,0.000136363636364
2010-01-23,5.02006520365e-10
2010-01-24,0.000600000000001
2010-01-25,1.36528465454e-10
2010-01-26,4.01203210445e-10
2010-01-27,1.35153675568e-07
2010-01-28,-0.000131567931567
2010-01-29,2.00567969439e-07
2010-01-30,6.94315863916e-05
2010-01-31,4.34201736988e-07
2010-02-01,5.02505012535e-05
2010-02-02,5.10634334504e-22
2010-02-03,0.000136500638141
2010-02-04,5.18381020474e-28
2010-02-05,1.36500273685e-07
2010-02-06,-1.00099731287e-07
2010-02-07,-0.000599999998995
2010-02-08,-0.000408163265252
2010-02-09,1.00601747674e-13
2010-02-10,-2.51506186442e-13
2010-02-11,-1.251502003e-07
2010-02-12,-1.001001001e-07
2010-02-13,-5.0049998631e-07
2010-02-14,-0.000499999498496
2010-02-15,0.000136864136864
2010-02-16,0.000300000338515
2010-02-17,-4.08782847635e-13
2010-02-18,0.000136363636364
2010-02-19,-0.000165965965966
2010-02-20,-5.22444205347e-29
2010-02-21,0.000566766767213
2010-02-22,8.92596669316e-19
2010-02-23,1.63793111928e-64
2010-02-24,0.000124090909091
2010-02-25,-3.70736096447e-06
2010-02-26,1.36867905739e-07
2010-02-27,0.000334334334334
2010-02-28,3.18500570411e-07
2010-03-01,0.00025833398569
2010-03-02,2.01205018061e-13
2010-03-03,-0.000182291744511
2010-03-04,1.37538900889e-13
2010-03-05,0.000145619564102
2010-03-06,-1.87687876507e-07
2010-03-07,2.02013070033e-16
2010-03-08,-4.57811322265e-10
2010-03-09,5.05794031631e-16
2010-03-10,-0.000112876741798
2010-03-11,8.00800801122e-07
2010-03-12,-0.000376884422111
2010-03-13,9.99499499499e-05
2010-03-14,2.51506230533e-13
2010-03-15,0.000316567319793
2010-03-16,1.10188947459e-16
2010-03-17,-6.01401798983e-10
2010-03-18,-0.00050000000005
2010-03-19,0.000222717149066
2010-03-20,0.000250000626754
2010-03-21,1.02144177968e-21
2010-03-22,3.190185668e-13
2010-03-23,0.00035
2010-03-24,-2.21433554767e-07
2010-03-25,0.000350200451089
2010-03-26,0.000500000000268
2010-03-27,1.38591728941e-16
2010-03-28,2.50250250755e-07
2010-03-29,5.18441329287e-10
2010-03-30,5e-05
2010-03-31,5.05235704066e-16
2010-04-01,2.67134402938e-07
2010-04-02,5.01003010034e-08
2010-04-03,1.28153958577e-07
2010-04-04,-1.8018018017e-05
2010-04-05,-5.00501002507e-05
2010-04-06,0.0001365006145
2010-04-07,-1.66834103782e-07
2010-04-08,3.3443629102e-07
2010-04-09,5.84873824385e-07
2010-04-10,6.06197683398e-05
2010-04-11,9.62939674931e-12
2010-04-12,8.49167348162e-05
2010-04-13,0.000250070830152
2010-04-14,0.000499916182047
2010-04-15,2.56450657252e-10
2010-04-16,-1.76761436549e-16
2010-04-17,5.14513740553e-25
2010-04-18,-1.00401002306e-07
2010-04-19,3.33665428419e-08
2010-04-20,1.02846794462e-25
2010-04-21,9.09092276833e-05
2010-04-22,4.3616305329e-13
2010-04-23,5.07570528497e-19
2010-04-24,-1.00300701503e-10
2010-04-25,0.0004
2010-04-26,3.76127631018e-10
2010-04-27,0.0005
2010-04-28,1.38446987318e-16
2010-04-29,-4.50926878783e-07
2010-04-30,8.01963669423e-11
2010-05-01,-3.77258372172e-14
2010-05-02,1.66833500268e-07
2010-05-03,1.36499968829e-07
2010-05-04,6.68671343354e-10
2010-05-05,0.000450450901804
2010-05-06,0.0002004004004
2010-05-07,5.01503511385e-11
2010-05-08,3.00569892161e-07
2010-05-09,0.000400000000327
2010-05-10,1.50641840404e-28
2010-05-11,3.26021166417e-52
2010-05-12,1.01006535274e-16
2010-05-13,0.000200051053194
2010-05-14,-0.000145979563398
2010-05-15,6.83184553444e-08
2010-05-16,0.000800000000805
2010-05-17,8.83348187441e-13
2010-05-18,-0.0003333336676
2010-05-19,1.27658583626e-22
2010-05-20,2.25225225225e-07
2010-05-21,0.000299999623873
2010-05-22,0.000136431886569
2010-05-23,2.68987538073e-10
2010-05-24,0.000500500600819
2010-05-25,0.00020025025025
2010-05-26,8.35634968484e-08
2010-05-27,3.3266399332e-08
2010-05-28,-9.92942719806e-11
2010-05-29,0.000286364936365
2010-05-30,6.04154365221e-13
2010-05-31,0.000200000200601
2010-06-01,0.00100000100301
2010-06-02,-0.000600249849047
2010-06-03,-2.05487895335e-19
2010-06-04,-0.000529417623764
2010-06-05,-0.000210537742151
2010-06-06,1.81105286778e-17
2010-06-07,6.92530752651e-08
2010-06-08,1.28558440698e-25
2010-06-09,1.365001365e-07
2010-06-10,5.00767534836e-07
2010-06-11,0.000200500479275
2010-06-12,3.35341698508e-14
2010-06-13,5.09592613818e-82
2010-06-14,7.54518817726e-13
2010-06-15,2.22926014839e-13
2010-06-16,0.000138673633395
2010-06-17,1.365001365e-07
2010-06-18,-5.00500500501e-07
2010-06-19,2.03739570795e-22
2010-06-20,0.000136363635559
2010-06-21,-5.03012545151e-14
2010-06-22,0.000500000000067
2010-06-23,1.37185239726e-13
2010-06-24,-8.34168337512e-05
2010-06-25,0.000136363636062
2010-06-26,0.000400500902105
2010-06-27,0.000400000157005
2010-06-28,1.36500589211e-07
2010-06-29,0.000150000150602
2010-06-30,6.71020080961e-14
2010-07-01,0.000100000039639
2010-07-02,0.000100000714642
2010-07-03,7.02242233599e-10
2010-07-04,3.49848847045e-07
2010-07-05,0.000400000351187
2010-07-06,0.000100100100201
2010-07-07,-0.000425424423022
2010-07-08,2.07902334605e-10
2010-07-09,-3.33333331138e-05
2010-07-10,2.68450368043e-07
2010-07-11,0.000500136500137
2010-07-12,1.365001365e-07
2010-07-13,0.000250250335857
2010-07-14,8.02406117058e-10
2010-07-15,0.000136764137165
2010-07-16,3.83532749078e-13
2010-07-17,-1.75175106582e-07
2010-07-18,1.39264635144e-22
2010-07-19,0.000250000401203
2010-07-20,0.000168181818182
2010-07-21,0.000355330314941
2010-07-22,1.36717454687e-07
2010-07-23,0.000200000189457
2010-07-24,1.00616282663e-12
2010-07-25,8.36941898064e-31
2010-07-26,-0.000499863499863
2010-07-27,1.55748903552e-28
2010-07-28,1.36773810264e-10
2010-07-29,6.2562215151e-08
2010-07-30,-0.000119891234514
2010-07-31,0.000127644055434
2010-08-01,1.76213785962e-10
2010-08-02,3.81994323775e-05
2010-08-03,3.64697301243e-05
2010-08-04,4.0039999799e-07
2010-08-05,-1.50903763545e-13
2010-08-06,1.4998298191e-07
2010-08-07,-0.000199863499863
2010-08-08,-9.58333333333e-05
2010-08-09,1.01054917301e-10
2010-08-10,-2.00447469047e-13
2010-08-11,1.36773683868e-10
2010-08-12,0.0001667000668
2010-08-13,-0.000124999999999
2010-08-14,-2.14697803733e-05
2010-08-15,-0.000292544299565
2010-08-16,-0.00010714245594
2010-08-17,-4.00263626716e-07
2010-08-18,5.11148568999e-22
2010-08-19,8.57493239538e-11
2010-08-20,-4.01202805874e-10
2010-08-21,5.01002507021e-07
2010-08-22,1.89557584408e-10
2010-08-23,2.53024419605e-16
2010-08-24,6.6864572082e-25
2010-08-25,0.000400175312086
2010-08-26,2.5025025025e-07
2010-08-27,0.00081799591002
2010-08-28,-0.000100099899298
2010-08-29,-1.00588735422e-12
2010-08-30,1.36500273685e-07
2010-08-31,0.000166666921598
2010-09-01,0.0001
2010-09-02,0.0005
2010-09-03,-0.000154644644645
2010-09-04,1.001001001e-07
2010-09-05,1.183001183e-07
2010-09-06,2.83616614942e-07
2010-09-07,-7.49999999999e-05
2010-09-08,0.00035000000031
2010-09-09,1.70967104973e-10
2010-09-10,3.00601202405e-07
2010-09-11,4.05553608908e-40
2010-09-12,-1.66833500335e-05
2010-09-13,0.000400000000622
2010-09-14,-4.94995662289e-05
2010-09-15,0.000377643504531
2010-09-16,-2.17626830075e-25
2010-09-17,4.4139625063e-16
2010-09-18,2.50751754519e-10
2010-09-19,0.000136363636364
2010-09-20,5.03012545151e-13
2010-09-21,-2.65171677946e-13
2010-09-22,-1.6205922212e-34
2010-09-23,3.55299369949e-19
2010-09-24,0.000136500273411
2010-09-25,3.82897804944e-10
2010-09-26,3.77384291107e-16
2010-09-27,0.00100035035035
2010-09-28,-2.74949007244e-13
2010-09-29,0.000500500500501
2010-09-30,0.0001365001365
2010-10-01,4.5591227956e-11
2010-10-02,-2.92837136702e-10
2010-10-03,0.000400000250751
2010-10-04,-0.000699374374374
2010-10-05,1.50785031539e-87
2010-10-06,-3.003003003e-07
2010-10-07,-3.27647985898e-73
2010-10-08,8.00800800801e-07
2010-10-09,-7.50750613565e-07
2010-10-10,-7.50750147136e-07
2010-10-11,0.000136492402708
2010-10-12,1.95825179264e-10
2010-10-13,3.33333333333e-05
2010-10-14,-0.000143433841845
2010-10-15,0.0008001001001
2010-10-16,4.04432401669e-16
2010-10-17,0.00055
2010-10-18,2.47838928228e-40
2010-10-19,-0.000131950264165
2010-10-20,1.25002865734e-05
2010-10-21,4.49967585844e-13
2010-10-22,-2.01200140481e-16
2010-10-23,-0.0005
2010-10-24,0.000124899799297
2010-10-25,-5.00501002508e-05
2010-10-26,3.00902104509e-10
2010-10-27,0.000136500273411
2010-10-28,0.000136363636238
2010-10-29,2.50250250431e-07
2010-10-30,-1.001001001e-07
2010-10-31,1.67000668003e-07
2010-11-01,0.000199683267102
2010-11-02,4.43883582702e-61
2010-11-03,-0.000133961705383
2010-11-04,1.36583804253e-07
2010-11-05,-2.61780104712e-05
2010-11-06,4.01202806012e-10
2010-11-07,-2.00200125136e-07
2010-11-08,-0.000999399399701
2010-11-09,-0.000291666666264
2010-11-10,1.87687687826e-07
2010-11-11,-6.28140703004e-05
2010-11-12,0.000200000200602
2010-11-13,6.25626253134e-05
2010-11-14,1.26937630833e-32
2010-11-15,0.000250501002507
2010-11-16,0.000400000000126
2010-11-17,0.000378125250852
2010-11-18,0.000499999999999
2010-11-19,0.000100000150451
2010-11-20,0.000800801604012
2010-11-21,7.02104910522e-10
2010-11-22,3.40592514296e-16
2010-11-23,-0.000249999899699
2010-11-24,-2.01136149968e-13
2010-11-25,0.000400000000604
2010-11-26,0.00025
2010-11-27,1.03688265857e-10
2010-11-28,2.86000286e-07
2010-11-29,0.00026
2010-11-30,0.000350350701755
2010-12-01,-7.03845536949e-13
2010-12-02,0.000285714285714
2010-12-03,0.000516529076999
2010-12-04,1.36500137511e-07
2010-12-05,5.03164054954e-13
2010-12-06,0.00019323161748
2010-12-07,3.1250031344e-05
2010-12-08,4.67133800568e-07
2010-12-09,-0.000166666415778
2010-12-10,0.000134864391109
2010-12-11,-2.51506272575e-13
2010-12-12,0.0001
2010-12-13,4.75592193545e-19
2010-12-14,4.01002222395e-07
2010-12-15,-0.000131818582971
2010-12-16,0.000700136951842
2010-12-17,0.000268181818182
2010-12-18,0.000800550550651
2010-12-19,-0.000100300700711
2010-12-20,-4.02764574391e-10
2010-12-21,1.64860887912e-07
2010-12-22,2.00601403006e-10
2010-12-23,6.81818177795e-05
2010-12-24,0.000497535746751
2010-12-25,0.000357611465524
2010-12-26,3.17711465174e-16
2010-12-27,0.00039210086884
2010-12-28,1.47830381017e-16
2010-12-29,0.000550551102758
2010-12-30,0.000505561172902
2010-12-31,6.0352642943e-13
2011-01-01,-0.000100100200502
2011-01-02,0.000500468650469
2011-01-03,-4.00175125979e-07
2011-01-04,0.000136589087266
2011-01-05,7.02104910642e-10
2011-01-06,0.000600000000604
2011-01-07,3.52108984634e-13
2011-01-08,1.36773683868e-10
2011-01-09,0.000100100288215
2011-01-10,0.00013675465238
2011-01-11,1.88868773127e-10
2011-01-12,2.50501253763e-07
2011-01-13,-5.22785523493e-19
2011-01-14,6.34871668089e-19
2011-01-15,-2.26353839206e-22
2011-01-16,0.0008001334668
2011-01-17,-3.50349973091e-07
2011-01-18,-9.99934593682e-05
2011-01-19,5.80939847928e-16
2011-01-20,2.50250699369e-07
2011-01-21,4.38101042986e-16
2011-01-22,-7.61355792382e-19
2011-01-23,7.50000000003e-05
2011-01-24,2.52516337928e-16
2011-01-25,5.02697038259e-13
2011-01-26,5.00500501006e-07
2011-01-27,2.21804431278e-46
2011-01-28,-4.02410035982e-13
2011-01-29,-3.85335396214e-08
2011-01-30,5.73620927462e-07
2011-01-31,1.001001001e-07
2011-02-01,0.000125
2011-02-02,0.0005
2011-02-03,3.51052480514e-10
2011-02-04,-5.64817382723e-50
2011-02-05,-0.000126774978403
2011-02-06,0.000375500500501
2011-02-07,-6.4972326856e-14
2011-02-08,-4.85591544004e-10
2011-02-09,8.73022145834e-05
2011-02-10,-1.34062630022e-08
2011-02-11,0.00031282586027
2011-02-12,6.25e-05
2011-02-13,-0.000399642499642
2011-02-14,0.000366666666667
2011-02-15,2.44825157964e-13
2011-02-16,-1.23922868545e-09
2011-02-17,6.00600600601e-07
2011-02-18,7.54013911943e-13
2011-02-19,0.000417084168337
2011-02-20,-1.03158447577e-23
2011-02-21,0.00050916496945
2011-02-22,0.000178966845634
2011-02-23,0.000299999774323
2011-02-24,1.37185378321e-13
2011-02-25,0.00040075075075
2011-02-26,-0.000525761927752
2011-02-27,0.000124366915774
2011-02-28,0.00010045045045
2011-03-01,-0.000292250664477
2011-03-02,0.000300136500137
2011-03-03,8.01121654739e-31
2011-03-04,0.000200000000201
2011-03-05,6.77034618473e-05
2011-03-06,-1.55711266664e-07
2011-03-07,-1.76154775794e-05
2011-03-08,1.36773347655e-10
2011-03-09,1.41399317903e-58
2011-03-10,8.63951653282e-05
2011-03-11,3.13439692197e-10
2011-03-12,1.93375193375e-07
2011-03-13,7.38286917948e-19
2011-03-14,-0.00016652988206
2011-03-15,0.000500000136774
2011-03-16,0.000483333333333
2011-03-17,7.54518818189e-10
2011-03-18,3.77638940919e-07
2011-03-19,0.000399824824894
2011-03-20,5.00500501006e-08
2011-03-21,6.00099700709e-07
2011-03-22,-3.40502627244e-13
2011-03-23,0.000300524183669
2011-03-24,2.50300501178e-07
2011-03-25,0.000400000587593
2011-03-26,1.001001001e-07
2011-03-27,1.37225991944e-10
2011-03-28,4.60589800379e-13
2011-03-29,1.0060250903e-12
2011-03-30,5.01590624275e-10
2011-03-31,4.83065816922e-10
2011-04-01,6.81818181819e-05
2011-04-02,5.22930480022e-31
2011-04-03,-8.17015019928e-22
2011-04-04,-5.02507004394e-13
2011-04-05,0.000219591863679
2011-04-06,-5.106346803e-22
2011-04-07,6.82500678258e-08
2011-04-08,-6.25620602571e-08
2011-04-09,6.82500682501e-05
2011-04-10,-0.000340522135192
2011-04-11,0.000215086515087
2011-04-12,1.25513314889e-10
2011-04-13,-1.00250400147e-10
2011-04-14,0.000211111111514
2011-04-15,0.000190121164465
2011-04-16,-1.50252102037e-16
2011-04-17,1.00603321143e-13
2011-04-18,-7.18264976863e-17
2011-04-19,1.38428325953e-19
2011-04-20,3.03019605822e-16
2011-04-21,0.000368782418782
2011-04-22,0.000776914705153
2011-04-23,4.25834509132e-16
2011-04-24,4.28970590713e-08
2011-04-25,-7.99999999498e-05
2011-04-26,1.37503052363e-10
2011-04-27,6.22493131919e-28
2011-04-28,2.64008189475e-34
2011-04-29,0.000252525253047
2011-04-30,0.000133333467205
2011-05-01,0.000100000200601
2011-05-02,0.000104438666212
2011-05-03,7.5169726447e-11
2011-05-04,0.000299999799399
2011-05-05,-5.00500248994e-07
2011-05-06,-1.00049949749e-07
2011-05-07,1.36421575492e-07
2011-05-08,2.50751753758e-10
2011-05-09,7.77292443959e-08
2011-05-10,8.08052281367e-16
2011-05-11,-0.000131718081718
2011-05-12,0.000200625625626
2011-05-13,4.3308157483e-10
2011-05-14,0.000105152471083
2011-05-15,6.78033686621e-13
2011-05-16,-0.000208768267223
2011-05-17,5.67233900568e-07
2011-05-18,2.84366388765e-16
2011-05-19,-0.000166415914913
2011-05-20,2.27956140186e-10
2011-05-21,-3.12862963164e-07
2011-05-22,5.01002507021e-07
2011-05-23,8.53601107577e-14
2011-05-24,6.67334000667e-08
2011-05-25,-0.00042486363248
2011-05-26,-7.52769357435e-17
2011-05-27,5.07844928419e-19
2011-05-28,-2.12591999512e-19
2011-05-29,8.01252153958e-07
2011-05-30,-1.7279367349e-29
2011-05-31,-8.88248767278e-16
2011-06-01,0.000500175175301
2011-06-02,1.39263909515e-22
2011-06-03,2.8707631571e-10
2011-06-04,4.02410442177e-13
2011-06-05,1.39570327065e-07
2011-06-06,2.02521152019e-16
2011-06-07,3.6029302751e-07
2011-06-08,5.0000000503e-05
2011-06-09,0.0001995995996
2011-06-10,0.000136563973475
2011-06-11,-2.21433278929e-07
2011-06-12,0.0010000000995
2011-06-13,5.68751139213e-06
2011-06-14,-4.01202806012e-10
2011-06-15,0.000401253962691
2011-06-16,1.75175175478e-07
2011-06-17,6.25001672937e-05
2011-06-18,0.00035750071612
2011-06-19,1.00300701504e-10
2011-06-20,6.01829191302e-10
2011-06-21,6.12186898823e-10
2011-06-22,-1.83884618407e-10
2011-06-23,0.000375
2011-06-24,3.00400738187e-07
2011-06-25,-4.01253107267e-10
2011-06-26,4.02547772885e-13
2011-06-27,0.000230663039451
2011-06-28,-2.50601302137e-07
2011-06-29,0.0005
2011-06-30,0.000133619183456
2011-07-01,0.000171456349364
2011-07-02,0.00015000000032
2011-07-03,4.004004004e-07
2011-07-04,1.05027060612e-13
2011-07-05,-4.38288263595e-43
2011-07-06,1.37185239587e-13
2011-07-07,2.51506272397e-13
2011-07-08,2.66933600405e-07
2011-07-09,4.01202806013e-10
2011-07-10,5.01504884876e-11
2011-07-11,6.93610262608e-05
2011-07-12,-0.000499999731012
2011-07-13,8.04888940334e-13
2011-07-14,1.41795113003e-28
2011-07-15,3.29654972274e-08
2011-07-16,3.33667000671e-08
2011-07-17,0.000100000702141
2011-07-18,-5.319136813e-05
2011-07-19,1.66834506141e-07
2011-07-20,0.0001001001001
2011-07-21,-2.05693588924e-25
2011-07-22,5.00500500501e-08
2011-07-23,3.82396424481e-10
2011-07-24,-3.39436541344e-07
2011-07-25,5.66329355322e-54
2011-07-26,1.38428377377e-19
2011-07-27,1.00401337909e-10
2011-07-28,1.82000182e-08
2011-07-29,3.96220244713e-73
2011-07-30,-1.45841418633e-16
2011-07-31,-2.09235527709e-31
2011-08-01,3.64944504733e-22
2011-08-02,0.000400000000001
2011-08-03,0.000566251415629
2011-08-04,0.00013650048769
2011-08-05,-1.00602813573e-13
2011-08-06,1.01514106218e-19
2011-08-07,0.000243854857285
2011-08-08,1.52271158549e-19
2011-08-09,-0.0002
2011-08-10,3.503507427e-07
2011-08-11,0.000267000601471
2011-08-12,7.23799311041e-05
2011-08-13,0.000136500273877
2011-08-14,0.000313440573987
2011-08-15,3.98450706886e-120
2011-08-16,0.001
2011-08-17,2.02114718489e-13
2011-08-18,-0.0002
2011-08-19,0.000250250250502
2011-08-20,0.000159127287104
2011-08-21,0.000136500273411
2011-08-22,5.0150394521e-10
2011-08-23,4.17084798361e-08
2011-08-24,0.000724114729607
2011-08-25,1.48427529072e-07
2011-08-26,-5.05032675854e-16
2011-08-27,0.000250050186824
2011-08-28,6.00425074373e-07
2011-08-29,0.0008001001001
2011-08-30,0.000105042016807
2011-08-31,-0.000403225677495
2011-09-01,4.0281406267e-13
2011-09-02,-3.51072562618e-05
2011-09-03,-0.000805639475967
2011-09-04,-1.00401404922e-10
2011-09-05,5.12713003487e-11
2011-09-06,-3.47125980857e-11
2011-09-07,-0.000324999246989
2011-09-08,2.50250250388e-07
2011-09-09,5.00465692159e-07
2011-09-10,-8.12317099666e-19
2011-09-11,-4.02410036051e-13
2011-09-12,7.19605991647e-07
2011-09-13,0.000200567233901
2011-09-14,-5.1008458561e-05
2011-09-15,2.07400549596e-19
2011-09-16,5.01503669126e-10
2011-09-17,5.01503633774e-10
2011-09-18,5.00000002013e-05
2011-09-19,2.51084999803e-10
2011-09-20,-7.50613473448e-07
2011-09-21,5.28541351102e-05
2011-09-22,4.22747213232e-16
2011-09-23,1.70845528395e-05
2011-09-24,4.22975440414e-19
2011-09-25,0.000174572164249
2011-09-26,0.000406916759737
2011-09-27,-0.000219058050816
2011-09-28,3.003003003e-07
2011-09-29,2.52772405964e-07
2011-09-30,1.63239214153e-16
2011-10-01,6.90926632003e-10
2011-10-02,-0.000166666666667
2011-10-03,0.000600601203009
2011-10-04,1.30521695216e-10
2011-10-05,6.00600737786e-07
2011-10-06,8.04820529055e-13
2011-10-07,4.57153975128e-10
2011-10-08,5.00501004691e-08
2011-10-09,1.84190692493e-05
2011-10-10,-5.01501785813e-11
2011-10-11,2.8529545575e-10
2011-10-12,-0.000499599498796
2011-10-13,9.93692556195e-05
2011-10-14,0.000650601403006
2011-10-15,0.000136363586213
2011-10-16,1.38428326036e-19
2011-10-17,4.00599190958e-10
2011-10-18,1.65760402721e-10
2011-10-19,-1.4109184363e-07
2011-10-20,0.000274533293877
2011-10-21,4.004004004e-07
2011-10-22,0.000528093783908
2011-10-23,4.04026549705e-16
2011-10-24,2.51111048433e-10
2011-10-25,0.0004998998999
2011-10-26,-1.02126970054e-22
2011-10-27,2.50501002004e-07
2011-10-28,-1.0060250903e-12
2011-10-29,6.0361519261e-13
2011-10-30,0.0004
2011-10-31,2.5025025025e-07
2011-11-01,0.000100200400802
2011-11-02,-1.67165308308e-13
2011-11-03,0.0004375
2011-11-04,0.0001
2011-11-05,7.52427722717e-10
2011-11-06,3.53776727838e-16
2011-11-07,1.36773684274e-10
2011-11-08,1.5127565162e-10
2011-11-09,8.80271954014e-13
2011-11-10,3.20548969834e-37
2011-11-11,-0.000300300300803
2011-11-12,1.45378707939e-07
2011-11-13,-1.12565714332e-13
2011-11-14,0.000174278557662
2011-11-15,-7.66674763669e-05
2011-11-16,-0.000399999829033
2011-11-17,-3.33834503511e-07
2011-11-18,0.0003003003003
2011-11-19,5.01345417859e-10
2011-11-20,-7.45720579583e-10
2011-11-21,-5.03012534938e-14
2011-11-22,1.36636910184e-07
2011-11-23,-8.84040746162e-17
2011-11-24,6.82500682501e-08
2011-11-25,6.83869878323e-11
2011-11-26,5.01503507515e-10
2011-11-27,0.000350000251004
2011-11-28,5.01503507228e-10
2011-11-29,-2.03028218136e-20
2011-11-30,1.79867340766e-14
2011-12-01,0.000186846038864
2011-12-02,0.000300000100516
2011-12-03,2.58589975538e-91
2011-12-04,0.000700000502007
2011-12-05,-2.09235527941e-31
2011-12-06,-5.00500500299e-07
2011-12-07,1.42494870344e-07
2011-12-08,1.00469389047e-07
2011-12-09,0.000200000568371
2011-12-10,0.000168444201778
2011-12-11,-5.00500500501e-07
2011-12-12,0.000599999849549
2011-12-13,0.000500501002005
2011-12-14,-1.04229693338e-06
2011-12-15,-1.36058568316e-07
2011-12-16,1.00110180573e-06
2011-12-17,-0.000182365277549
2011-12-18,9.98797444012e-88
2011-12-19,2.98454110123e-13
2011-12-20,1.65681414522e-07
2011-12-21,-0.000200000317938
2011-12-22,7.13305074636e-32
2011-12-23,1.25128167652e-13
2011-12-24,-1.11417360221e-25
2011-12-25,2.54346962016e-19
2011-12-26,3.1146104375e-10
2011-12-27,0.000523560209424
2011-12-28,6.02408430722e-10
2011-12-29,0.000502512562814
2011-12-30,0.000100000267469
2011-12-31,1.36500136702e-07
2012-01-01,6.00517016683e-07
2012-01-02,-0.000115757728649
2012-01-03,5.68475249707e-101
2012-01-04,-2.002002002e-07
2012-01-05,7.09736202753e-109
2012-01-06,2.02266856095e-16
2012-01-07,1.69376686263e-05
2012-01-08,2.00519658895e-07
2012-01-09,4.1155571876e-13
2012-01-10,0.00035
2012-01-11,3.18901571608e-07
2012-01-12,1.37185239587e-13
2012-01-13,2.21182650128e-10
2012-01-14,2.67267037541e-10
2012-01-15,4.13600971945e-10
2012-01-16,0.0001
2012-01-17,0.000699999899836
2012-01-18,0.000200200400802
2012-01-19,-4.72076058287e-07
2012-01-20,-2.77142395721e-07
2012-01-21,5.08097550691e-07
2012-01-22,0.000750142566809
2012-01-23,0.000200000100703
2012-01-24,2.44402363586e-07
2012-01-25,1.36500639555e-07
2012-01-26,1.04958013905e-10
2012-01-27,2.00601540881e-10
2012-01-28,4.00601228159e-07
2012-01-29,-0.000400000125376
2012-01-30,2.19187694525e-22
2012-01-31,-0.000101599431977
2012-02-01,-1.26760128155e-09
2012-02-02,0.000127522522523
2012-02-03,6.81818182498e-05
2012-02-04,1.00602508826e-13
2012-02-05,-5.01503911542e-10
2012-02-06,4.04026140684e-16
2012-02-07,8.01604012041e-07
2012-02-08,-1.48945160969e-05
2012-02-09,0.000136363636766
2012-02-10,1.38428325953e-19
2012-02-11,0.000318582218582
2012-02-12,1.00726763908e-07
2012-02-13,2.41963387513e-07
2012-02-14,8.0198714195e-10
2012-02-15,0.00065035035035
2012-02-16,-4.32250432251e-07
2012-02-17,0.000136363773458
2012-02-18,5.05032676369e-16
2012-02-19,-3.34341856887e-05
2012-02-20,-0.0005
2012-02-21,-3.00601504516e-07
2012-02-22,-4.01202553496e-10
2012-02-23,5.01640692755e-10
2012-02-24,1.70625170625e-07
2012-02-25,-0.000701402805713
2012-02-26,0.000136363636364
2012-02-27,5.83389804873e-55
2012-02-28,-2.5025025025e-07
2012-02-29,5.02338180544e-05
2012-03-01,4.16087466187e-16
2012-03-02,-0.000166666666667
2012-03-03,-0.000155555555556
2012-03-04,2.14797879959e-07
2012-03-05,-0.00029206706704
2012-03-06,5.00698687806e-10
2012-03-07,3.74973669557e-07
2012-03-08,-0.00069999999995
2012-03-09,0.000172524844105
2012-03-10,0.000200001003409
2012-03-11,1.365001365e-07
2012-03-12,0.0006
2012-03-13,-2.94147819217e-16
2012-03-14,5.03002393742e-17
2012-03-15,1.01260575753e-16
2012-03-16,0.00014976567557
2012-03-17,0.000533833833834
2012-03-18,-7.25227570826e-14
2012-03-19,4.04432197106e-16
2012-03-20,4.54502677823e-07
2012-03-21,1.70009974714e-07
2012-03-22,-3.14382840719e-13
2012-03-23,9.99997072215e-05
2012-03-24,-3.11029246331e-28
2012-03-25,-5.01501363665e-11
2012-03-26,4.06056422797e-19
2012-03-27,0.00013706433641
2012-03-28,2.0020060261e-07
2012-03-29,-0.000291667067869
2012-03-30,0.000210427222792
2012-03-31,2.75129800598e-07
2012-04-01,0.000538793103177
2012-04-02,1.00110130187e-06
2012-04-03,0.000568751139213
2012-04-04,-3.07740788702e-10
2012-04-05,-3.36617027831e-25
2012-04-06,5.04527643179e-10
2012-04-07,0.000800500600801
2012-04-08,-0.000499999881463
2012-04-09,4.5045045045e-07
2012-04-10,0.000500000196043
2012-04-11,3.64860096858e-22
2012-04-12,1.47474039603e-40
2012-04-13,2.07352407762e-28
2012-04-14,7.94558319446e-05
2012-04-15,0.0005
2012-04-16,1.36773683538e-10
2012-04-17,0.000433333032568
2012-04-18,1.6971860632e-43
2012-04-19,-1.08257201108e-40
2012-04-20,1.84890409758e-40
2012-04-21,2.00200200403e-07
2012-04-22,0.000625920471281
2012-04-23,0.000100000100301
2012-04-24,1.00300701503e-09
2012-04-25,0.0005
2012-04-26,1.52477305192e-10
2012-04-27,-0.00019993763824
2012-04-28,3.00499694473e-10
2012-04-29,-7.5000000251e-05
2012-04-30,0.000450601085991
2012-05-01,0.000249999768593
2012-05-02,1.365001365e-07
2012-05-03,1.36600437339e-07
2012-05-04,0.000100450701202
2012-05-05,0.000100375575977
2012-05-06,5.85813085813e-07
2012-05-07,-2.99698613461e-07
2012-05-08,0.000799999999999
2012-05-09,-3.45587344304e-29
2012-05-10,-5e-05
2012-05-11,1.00100100472e-07
2012-05-12,0.0001125
2012-05-13,5.01503507608e-10
2012-05-14,1.09572178718e-43
2012-05-15,3.7891020458e-10
2012-05-16,0.00060005005005
2012-05-17,3.00300437486e-07
2012-05-18,0.000300000000302
2012-05-19,-1.86341662363e-48
2012-05-20,0.000520128922347
2012-05-21,0.000119047619194
2012-05-22,-8.32999665997e-05
2012-05-23,-0.00079899899879
2012-05-24,1.48655004212e-07
2012-05-25,-8.22774355062e-25
2012-05-26,3.33333333333e-05
2012-05-27,1.18418655612e-07
2012-05-28,2.27009711941e-07
2012-05-29,3.00901707799e-10
2012-05-30,1.40691300775e-07
2012-05-31,6.08777945055e-19
2012-06-01,3.38380353745e-20
2012-06-02,5.1423397231e-25
2012-06-03,2.1753030753e-19
2012-06-04,0.000250136500137
2012-06-05,0.000211439972772
2012-06-06,0.000100475475475
2012-06-07,-0.000667472879554
2012-06-08,-6.05864963496e-19
2012-06-09,-2.02013410444e-16
2012-06-10,-0.000343950701402
2012-06-11,-3.18624862427e-07
2012-06-12,-6.31290844818e-16
2012-06-13,-2.00200300803e-07
2012-06-14,5.64057889581e-10
2012-06-15,0.000306748466258
2012-06-16,-0.00010154475024
2012-06-17,1.36500137106e-07
2012-06-18,0.000136911433865
2012-06-19,0.000137881097713
2012-06-20,1.37102745421e-07
2012-06-21,-0.000499999999328
2012-06-22,0.000250100735338
2012-06-23,3.48690622304e-16
2012-06-24,0.000600601203008
2012-06-25,0.0002
2012-06-26,0.000208108356578
2012-06-27,0.000658304407603
2012-06-28,6.25694012468e-07
2012-06-29,0.000136500273411
2012-06-30,1.75175175175e-07
2012-07-01,6.13340830148e-22
2012-07-02,0.000136500273823
2012-07-03,6.50650650651e-07
2012-07-04,7.16591453541e-52
2012-07-05,0.00025
2012-07-06,1.67901332022e-10
2012-07-07,0.000367167167167
2012-07-08,2.00949444487e-10
2012-07-09,-2.03854896296e-07
2012-07-10,-1.00100062374e-06
2012-07-11,3.75375576833e-07
2012-07-12,1.38544123226e-22
2012-07-13,0.00025025031878
2012-07-14,0.000567536889898
2012-07-15,8.0163448328e-34
2012-07-16,0.000136363636397
2012-07-17,1.24590409647e-09
2012-07-18,8.00379920438e-22
2012-07-19,0.000166999784069
2012-07-20,1.36773683868e-10
2012-07-21,2.00325575673e-07
2012-07-22,0.000504031281945
2012-07-23,5.01503507516e-10
2012-07-24,-2.96125880628e-10
2012-07-25,1.00602509051e-12
2012-07-26,2.56940678361e-13
2012-07-27,5.0100230622e-07
2012-07-28,7.02104910826e-10
2012-07-29,6.82561306346e-23
2012-07-30,5.18381020474e-29
2012-07-31,4.93675493675e-07
2012-08-01,-0.000124999498497
2012-08-02,3.76668334999e-05
2012-08-03,0.000136363795173
2012-08-04,2.6827362839e-13
2012-08-05,5.32755868369e-28
2012-08-06,-5.00166164829e-08
2012-08-07,-8.84082655114e-14
2012-08-08,6.82500682501e-08
2012-08-09,5.0916496945e-05
2012-08-10,0.00025
2012-08-11,0.000387163495456
2012-08-12,0.000337507468662
2012-08-13,0.000153707346949
2012-08-14,0.000136500273411
2012-08-15,0.000166666666804
2012-08-16,4.12548727405e-10
2012-08-17,2.50250250755e-07
2012-08-18,1.25753137309e-13
2012-08-19,3.0695984404e-07
2012-08-20,1.18767616139e-13
2012-08-21,1.82292054158e-31
2012-08-22,5.55356799055e-46
2012-08-23,0.00035035070154
2012-08-24,1.37185239212e-13
2012-08-25,3.79304448914e-07
2012-08-26,5.01161720275e-10
2012-08-27,0.00050658571766
2012-08-28,7.07764109189e-08
2012-08-29,2.79763790759e-10
2012-08-30,-1.00187863214e-06
2012-08-31,0.000400250651705
2012-09-01,-4.64937418812e-13
2012-09-02,0.000126641793309
2012-09-03,5.23107500626e-19
2012-09-04,-6.01803753982e-10
2012-09-05,5.01002004008e-07
2012-09-06,5.00638034038e-07
2012-09-07,-2.79381157058e-07
2012-09-08,0.000525210084034
2012-09-09,-8.04819748665e-13
2012-09-10,4.06056563043e-19
2012-09-11,-1.66833500335e-07
2012-09-12,3.42479825559e-19
2012-09-13,0.000825738923843
2012-09-14,-0.000333347236125
2012-09-15,1.00957552335e-66
2012-09-16,-8.41562856369e-07
2012-09-17,2.05181653147e-57
2012-09-18,0.000499832999164
2012-09-19,0.000300000000137
2012-09-20,-1.37905234459e-31
2012-09-21,2.50751753616e-10
2012-09-22,-0.000166665964562
2012-09-23,3.67824639486e-37
2012-09-24,0.000118127163418
2012-09-25,0.000116666803441
2012-09-26,7.52255261781e-10
2012-09-27,1.00803714048e-10
2012-09-28,8.56458596573e-05
2012-09-29,1.36951942368e-07
2012-09-30,0.000587500000591
2012-10-01,0.000500501002038
2012-10-02,-1.66833500167e-07
2012-10-03,-4.58618529492e-52
2012-10-04,5e-05
2012-10-05,2.50465180463e-07
2012-10-06,0.000211989262492
2012-10-07,0.0001365001365
2012-10-08,-4.0402592184e-16
2012-10-09,0.000500500501004
2012-10-10,-2.00400801603e-07
2012-10-11,3.62971591479e-28
2012-10-12,-2.22663637864e-287
2012-10-13,-0.000400400802006
2012-10-14,6.01716106449e-10
2012-10-15,2.01205018265e-13
2012-10-16,7.77571530711e-28
2012-10-17,0.000136713986714
2012-10-18,4.01202805403e-10
2012-10-19,1.66048467558e-13
2012-10-20,-0.0003
2012-10-21,0.000300400243874
2012-10-22,2.21190008381e-16
2012-10-23,-3.17317364629e-07
2012-10-24,0.0
2012-10-25,0.000167504187605
2012-10-26,1.001001001e-07
2012-10-27,3.05578643511e-07
2012-10-28,0.000512295081967
2012-10-29,-1.35135135135e-07
2012-10-30,5.01503507516e-10
2012-10-31,-0.000409004587738
2012-11-01,0.00058853633555
2012-11-02,-1.01108551192e-07
2012-11-03,9.9599197994e-05
2012-11-04,-5.07570528429e-19
2012-11-05,1.49842409361e-07
2012-11-06,1.66357028725e-22
2012-11-07,-0.00037688452383
2012-11-08,-0.000150499998997
2012-11-09,5.03012139095e-13
2012-11-10,-0.000599863499763
2012-11-11,2.02625622821e-07
2012-11-12,0.000378024707399
2012-11-13,0.000136363636364
2012-11-14,1.00601956222e-07
2012-11-15,5.00500928061e-07
2012-11-16,6.30791904852e-25
2012-11-17,1.39689575245e-10
2012-11-18,-5.27864709711e-13
2012-11-19,3.48852526362e-10
2012-11-20,0.000500504576504
2012-11-21,5.00499443635e-08
2012-11-22,-3.25325325325e-07
2012-11-23,0.000599945399945
2012-11-24,0.000125628293437
2012-11-25,0.000285714285715
2012-11-26,0.000466666652799
2012-11-27,6.25625625575e-08
2012-11-28,-1.01006535171e-16
2012-11-29,6.81817183171e-05
2012-11-30,5.07570528497e-19
2012-12-01,0.000799999832833
2012-12-02,0.000800000602307
2012-12-03,0.000141900628203
2012-12-04,0.000800000016214
2012-12-05,0.00013696503974
2012-12-06,5.03012553321e-14
2012-12-07,6.26002001074e-05
2012-12-08,0.000800000000805
2012-12-09,-7.45192803814e-05
2012-12-10,8.28722885155e-22
2012-12-11,-0.000750000036605
2012-12-12,-2.54930949654e-10
2012-12-13,1.25560214498e-07
2012-12-14,0.000136132636133
2012-12-15,8.00801605621e-07
2012-12-16,0.000599999968087
2012-12-17,-9.9793644636e-14
2012-12-18,8.04820072242e-13
2012-12-19,0.00039155817328
2012-12-20,-1.56355213551e-13
2012-12-21,-1.00100099999e-07
2012-12-22,0.00079996871892
2012-12-23,4.38005989101e-07
2012-12-24,0.000136500274079
2012-12-25,3.3660059631e-10
2012-12-26,1.82000364548e-05
2012-12-27,0.000549450549451
2012-12-28,7.50750751559e-07
2012-12-29,0.0007999998997
2012-12-30,0.00100908187574
2012-12-31,8.08053098382e-16
2013-01-01,8.4598265729e-05
2013-01-02,1.39418179951e-22
2013-01-03,1.00300701516e-09
2013-01-04,-7.80023109877e-14
2013-01-05,-0.000200000000067
2013-01-06,1.41519446782e-28
2013-01-07,3.46301975062e-07
2013-01-08,1.51509803656e-16
2013-01-09,3.75167130635e-16
2013-01-10,1.18244791206e-108
2013-01-11,7.15330620204e-11
2013-01-12,1.02336176723e-10
2013-01-13,-3.7873094674e-05
2013-01-14,5.33809710862e-17
2013-01-15,5.00004012029e-05
2013-01-16,3.68567564896e-07
2013-01-17,-0.000514826713455
2013-01-18,3.33672873864e-08
2013-01-19,0.000401203610833
2013-01-20,-3.5035035035e-07
2013-01-21,0.000300334001671
2013-01-22,6.01804209019e-10
2013-01-23,5.35054951073e-52
2013-01-24,-2.16448002659e-10
2013-01-25,3.3652034743e-10
2013-01-26,2.70916932935e-40
2013-01-27,0.000999999999281
2013-01-28,3.37247047317e-13
2013-01-29,0.000136764137166
2013-01-30,-0.000499999999748
2013-01-31,0.000250000000001
2013-02-01,5.18380492102e-28
2013-02-02,0.000100068049485
2013-02-03,5.40738296748e-40
2013-02-04,2.51552021894e-07
2013-02-05,0.0001
2013-02-06,4.14704816379e-28
2013-02-07,9.99997743234e-05
2013-02-08,-1.00100099629e-07
2013-02-09,-1.02126725524e-22
2013-02-10,0.000125000000067
2013-02-11,-0.000167637637574
2013-02-12,2.94001586534e-23
2013-02-13,1.00300629356e-09
2013-02-14,0.0001625
2013-02-15,0.000108629943181
2013-02-16,2.50751791635e-10
2013-02-17,0.000804829113358
2013-02-18,5.03012545968e-13
2013-02-19,0.000842105263159
2013-02-20,4.78645282639e-09
2013-02-21,1.001001001e-07
2013-02-22,4.34635767141e-10
2013-02-23,1.36500137308e-07
2013-02-24,0.000184090909091
2013-02-25,-0.000165664862757
2013-02-26,-0.000256584893874
2013-02-27,0.0006
2013-02-28,-2.44752734374e-12
2013-03-01,9.83150801904e-05
2013-03-02,0.000577124868596
2013-03-03,6.26879384394e-11
2013-03-04,2.51991520485e-07
2013-03-05,4.55008503205e-08
2013-03-06,-1.00100100099e-07
2013-03-07,0.000200000000251
2013-03-08,4.7995170823e-25
2013-03-09,5.05032676369e-16
2013-03-10,-9.95985957843e-08
2013-03-11,0.000800000000051
2013-03-12,0.000126722425569
2013-03-13,0.000100801603476
2013-03-14,1.36774156045e-10
2013-03-15,-6.51435241231e-07
2013-03-16,1.41376641948e-28
2013-03-17,0.00100401657265
2013-03-18,8.05627718466e-13
2013-03-19,-1.25375069842e-10
2013-03-20,0.000136500273274
2013-03-21,0.000600000000101
2013-03-22,2.02013887357e-16
2013-03-23,-7.42979585295e-07
2013-03-24,0.000378788313927
2013-03-25,-4.40274930856e-08
2013-03-26,-2.79451695488e-13
2013-03-27,0.0008
2013-03-28,4.49263551078e-28
2013-03-29,1.37048655961e-07
2013-03-30,8.01603558016e-07
2013-03-31,8.04820072242e-13
2013-04-01,6.29724516659e-46
2013-04-02,1.22958622148e-13
2013-04-03,-0.0002
2013-04-04,1.00740837988e-10
2013-04-05,1.00049245532e-07
2013-04-06,-0.000499833367101
2013-04-07,-0.00020304568542
2013-04-08,-1.22598942153e-32
2013-04-09,3.21461334714e-19
2013-04-10,0.000327347658801
2013-04-11,2.14930074954e-10
2013-04-12,0.000404448937901
2013-04-13,4.43775615353e-07
2013-04-14,-0.000166666666294
2013-04-15,5.4995699413e-07
2013-04-16,0.000500000125376
2013-04-17,0.00010111223458
2013-04-18,4.68017402068e-10
2013-04-19,-0.000155555555589
2013-04-20,4.05650880094e-13
2013-04-21,1.00099943607e-07
2013-04-22,5.07673101482e-19
2013-04-23,4.11206280397e-16
2013-04-24,0.000212121212121
2013-04-25,0.000136363636364
2013-04-26,-1.56415093113e-10
2013-04-27,5.03331942417e-13
2013-04-28,4.26801936202e-10
2013-04-29,5.00501506121e-07
2013-04-30,-7.29477619293e-23
2013-05-01,2.66865023294e-10
2013-05-02,-2.84654372429e-16
2013-05-03,-4.55000455051e-09
2013-05-04,2.68742072109e-07
2013-05-05,1.36500136601e-07
2013-05-06,-2.22490685378e-25
2013-05-07,1.05953662929e-07
2013-05-08,0.000252781234503
2013-05-09,0.0005
2013-05-10,2.05557067497e-25
2013-05-11,8.12112845595e-16
2013-05-12,-3.27651640434e-22
2013-05-13,1.37323251244e-07
2013-05-14,4.55000910913e-05
2013-05-15,2.19946928677e-19
2013-05-16,2.00174146806e-16
2013-05-17,6.73427727308e-16
2013-05-18,4.6969481805e-13
2013-05-19,-5.0050049494e-08
2013-05-20,-0.000499863499662
2013-05-21,0.000332932933002
2013-05-22,6.01603683218e-07
2013-05-23,-3.76058836004e-10
2013-05-24,-2.50751349732e-10
2013-05-25,0.000500000129175
2013-05-26,-3.37623378739e-34
2013-05-27,7.00700700701e-07
2013-05-28,-5.035246713e-05
2013-05-29,-3.9522393959e-13
2013-05-30,-0.0004001001001
2013-05-31,0.0006666666665
2013-06-01,0.000100000000436
2013-06-02,0.000910010111749
2013-06-03,-0.000400000100401
2013-06-04,-0.000246357845332
2013-06-05,2.00551239626e-10
2013-06-06,-0.000429646039371
2013-06-07,5.42209210884e-07
2013-06-08,0.000438200700386
2013-06-09,4.51252554255e-10
2013-06-10,6.8381867931e-05
2013-06-11,4.38539742753e-07
2013-06-12,2.00802507422e-07
2013-06-13,-0.00101450611257
2013-06-14,6.8387069029e-11
2013-06-15,2.59110650582e-10
2013-06-16,-4.03518059778e-16
2013-06-17,5.13819267327e-25
2013-06-18,0.000100402050644
2013-06-19,5.00004635108e-05
2013-06-20,-1.31126216851e-07
2013-06-21,3.29567302486e-05
2013-06-22,2.25175074875e-07
2013-06-23,0.000200000000348
2013-06-24,5.38462846852e-10
2013-06-25,5.03012139452e-13
2013-06-26,0.0005
2013-06-27,-5.19037551019e-08
2013-06-28,3.01807527092e-13
2013-06-29,0.000102774922919
2013-06-30,-1.33466799653e-07
2013-07-01,2.31945372364e-10
2013-07-02,0.000513874614524
2013-07-03,0.0006
2013-07-04,1.00301207043e-10
2013-07-05,5.41176433474e-40
2013-07-06,0.000511770726714
2013-07-07,-0.000101522319447
2013-07-08,0.000374902817232
2013-07-09,4.54529408303e-16
2013-07-10,1.53083542806e-13
2013-07-11,4.57011647753e-25
2013-07-12,-7.16434386146e-05
2013-07-13,0.000375
2013-07-14,-2.01302471808e-16
2013-07-15,-1.02846794462e-25
2013-07-16,1.00601531677e-07
2013-07-17,0.000314795498903
2013-07-18,1.33600534563e-07
2013-07-19,4.06056422798e-19
2013-07-20,1.01109167568e-06
2013-07-21,1.71126674612e-07
2013-07-22,0.000345454461669
2013-07-23,0.000503524672709
2013-07-24,1.96964924745e-31
2013-07-25,0.000366667268472
2013-07-26,0.000136364638968
2013-07-27,0.0005
2013-07-28,3.83000889306e-07
2013-07-29,2.61642026006e-07
2013-07-30,8.28825601705e-16
2013-07-31,-0.00101214574899
2013-08-01,0.00050205377281
2013-08-02,1.15512635584e-87
2013-08-03,3.46593531202e-10
2013-08-04,-1.75860396756e-07
2013-08-05,1.001001001e-07
2013-08-06,6.43561682816e-16
2013-08-07,0.000136363636501
2013-08-08,3.06380600703e-22
2013-08-09,-0.000131818181818
2013-08-10,0.000600601203009
2013-08-11,7.03012021378e-40
2013-08-12,-0.00100908173562
2013-08-13,-0.000799749749498
2013-08-14,3.34472942758e-10
2013-08-15,3.20461546665e-07
2013-08-16,0.000100907173869
2013-08-17,-7.02104910183e-07
2013-08-18,-7.1500071096e-08
2013-08-19,-0.000799499248904
2013-08-20,1.001001001e-07
2013-08-21,-6.26879384394e-11
2013-08-22,-6.26878575923e-10
2013-08-23,-2.7237427527e-90
2013-08-24,1.66668040691e-05
2013-08-25,1.5014974774e-07
2013-08-26,-6.03614739901e-13
2013-08-27,6.70670669162e-05
2013-08-28,5.00099298326e-07
2013-08-29,0.000416748298901
2013-08-30,-0.000155711166678
2013-08-31,-5.15868067217e-07
2013-09-01,0.000103888293435
2013-09-02,-0.000400400801603
2013-09-03,2.79036161105e-10
2013-09-04,2.00601403006e-10
2013-09-05,-4.83177659445e-34
2013-09-06,6.55551626028e-07
2013-09-07,0.000316666716817
2013-09-08,-0.0005
2013-09-09,1.001001001e-07
2013-09-10,3.9036266823e-19
2013-09-11,7.41114771927e-05
2013-09-12,1.37185848671e-13
2013-09-13,1.71353090595e-13
2013-09-14,1.38428428904e-19
2013-09-15,-1.0010020066e-06
2013-09-16,0.000266955845025
2013-09-17,-2.33566900722e-07
2013-09-18,0.000205198117834
2013-09-19,5.00501003513e-07
2013-09-20,-1.03959741893e-09
2013-09-21,3.17618888093e-10
2013-09-22,-8.65181031434e-40
2013-09-23,-1.55710864412e-07
2013-09-24,7.34698912021e-14
2013-09-25,1.36773683868e-10
2013-09-26,1.02846794462e-24
2013-09-27,1.23922868622e-10
2013-09-28,4.55373406195e-05
2013-09-29,0.00011818181788
2013-09-30,-7.57446478266e-16
2013-10-01,1.029275688e-22
2013-10-02,4.59137475277e-28
2013-10-03,-5.90423534655e-16
2013-10-04,0.000251762592452
2013-10-05,1.00701904309e-07
2013-10-06,1.13234122481e-18
2013-10-07,-0.00017835867602
2013-10-08,1.92548826728e-07
2013-10-09,7.65951643185e-22
2013-10-10,1.22557190357e-09
2013-10-11,0.000252525252368
2013-10-12,-7.5125225398e-07
2013-10-13,1.35128216979e-12
2013-10-14,5.05515535576e-08
2013-10-15,-1.31812150427e-10
2013-10-16,0.000168349866543
2013-10-17,6.53917323837e-13
2013-10-18,0.000449999749248
2013-10-19,4.55685695272e-08
2013-10-20,-0.000199123371868
2013-10-21,-0.000105596620908
2013-10-22,7.33874345904e-11
2013-10-23,-0.00035
2013-10-24,0.000400400150051
2013-10-25,-2.84535409227e-13
2013-10-26,-1.68344224462e-16
2013-10-27,1.18820552686e-15
2013-10-28,-6.12782227694e-22
2013-10-29,5.38476853607e-07
2013-10-30,6.28891427215e-11
2013-10-31,5.05537702307e-14
2013-11-01,0.000500217485078
2013-11-02,7.92897198212e-76
2013-11-03,0.000483333500669
2013-11-04,0.000178062678063
2013-11-05,-9.41760107517e-22
2013-11-06,0.0005
2013-11-07,2.34130880416e-25
2013-11-08,3.78269474215e-13
2013-11-09,-3.5214151357e-34
2013-11-10,-2.24561763664e-19
2013-11-11,4.25425425425e-07
2013-11-12,-1.51509802756e-16
2013-11-13,-0.000599649650469
2013-11-14,-0.000999731548927
2013-11-15,6.02407824174e-10
2013-11-16,-0.000166666506186
2013-11-17,0.000400000451353
2013-11-18,1.2140360405e-13
2013-11-19,0.0010000001007
2013-11-20,0.000700000000327
2013-11-21,-0.000500501002004
2013-11-22,-0.000999500001003
2013-11-23,0.000156723390114
2013-11-24,0.000842104795666
2013-11-25,3.52108553556e-13
2013-11-26,0.000383469632667
2013-11-27,-4.004004004e-07
2013-11-28,-1.3386800267e-07
2013-11-29,0.000265340909342
2013-11-30,6.09091370893e-10
2013-12-01,1.00300869847e-10
2013-12-02,2.98253231549e-07
2013-12-03,-2.39311774761e-13
2013-12-04,0.00016981096206
2013-12-05,-1.3685742072e-13
2013-12-06,0.000125000025075
2013-12-07,1.95028766935e-13
2013-12-08,1.00236874491e-07
2013-12-09,7.02104910539e-10
2013-12-10,0.000143540670025
2013-12-11,-0.00010010010015
2013-12-12,4.56813616164e-19
2013-12-13,0.000200000000161
2013-12-14,1.36500639337e-07
2013-12-15,9.17334888536e-16
2013-12-16,0.000100908173562
2013-12-17,8.29409632758e-28
2013-12-18,0.000894354667367
2013-12-19,-6.80963766056e-05
2013-12-20,5.42133970883e-07
2013-12-21,5.18381020474e-28
2013-12-22,-0.000100806451613
2013-12-23,0.00010101010101
2013-12-24,0.000157987544362
2013-12-25,-0.000400400801603
2013-12-26,-5.73606860235e-10
2013-12-27,-2.50462615437e-16
2013-12-28,1.90551530101e-25
2013-12-29,-7.26637519358e-05
2013-12-30,-0.000352173198218
2013-12-31,0.000806243550051
2014-01-01,5.49139004695e-20
2014-01-02,0.00054945054835
2014-01-03,4.69230625328e-13
2014-01-04,-0.000255847294782
2014-01-05,1.66718849674e-07
2014-01-06,-8.10866677349e-08
2014-01-07,-7.38280562564e-70
2014-01-08,-1.83281686268e-07
2014-01-09,-0.000200803212442
2014-01-10,-2.47185549583e-10
2014-01-11,7.73491743157e-07
2014-01-12,1.38013317832e-10
2014-01-13,0.000200803212851
2014-01-14,-2.49379024262e-05
2014-01-15,2.09915809906e-10
2014-01-16,1.01108812594e-07
2014-01-17,-0.0001
2014-01-18,5.55979190826e-16
2014-01-19,-6.07869522606e-10
2014-01-20,-2.42778877162e-11
2014-01-21,5.39456728234e-10
2014-01-22,2.83066967077e-07
2014-01-23,8.9573364406e-106
2014-01-24,-6.26879384386e-11
2014-01-25,-5.28293659617e-73
2014-01-26,0.000520833899065
2014-01-27,1.02846794462e-25
2014-01-28,-3.35336621062e-14
2014-01-29,2.48885248885e-07
2014-01-30,0.0005
2014-01-31,0.000549916583652
2014-02-01,0.000344708610196
2014-02-02,5.29465688518e-16
2014-02-03,0.000435388842315
2014-02-04,1.01684317144e-19
2014-02-05,0.000600200200199
2014-02-06,4.5591227956e-11
2014-02-07,1.08931210392e-10
2014-02-08,5.75871197507e-10
2014-02-09,-2.2564031651e-49
2014-02-10,1.371860517e-13
2014-02-11,-1.01344090866e-21
2014-02-12,-3.48795200498e-10
2014-02-13,-2.00200401052e-07
2014-02-14,5.01503507654e-10
2014-02-15,1.00100201006e-07
2014-02-16,-0.000843881856541
2014-02-17,1.0725010725e-07
2014-02-18,-0.000399549549537
2014-02-19,0.000250060060233
2014-02-20,-0.000150000100301
2014-02-21,-1.32214864092e-10
2014-02-22,1.50150049548e-07
2014-02-23,1.43531137987e-19
2014-02-24,0.000206611570248
2014-02-25,1.75526228036e-10
2014-02-26,1.37048054347e-07
2014-02-27,1.37322976282e-13
2014-02-28,0.00040040024478
2014-03-01,-0.000760649087221
2014-03-02,0.000670802110503
2014-03-03,-6.01803956096e-10
2014-03-04,0.000102669368332
2014-03-05,6.7018820652e-10
2014-03-06,-1.40211096042e-18
2014-03-07,0.00035
2014-03-08,0.000101008058265
2014-03-09,-0.000399999862422
2014-03-10,-1.08316109377e-10
2014-03-11,-0.000149981646116
2014-03-12,1.01927030368e-07
2014-03-13,2.04261794989e-07
2014-03-14,1.77336683148e-16
2014-03-15,4.01202502993e-10
2014-03-16,6.13008170293e-07
2014-03-17,4.1470488843e-28
2014-03-18,2.40218410757e-07
2014-03-19,6.95965258875e-07
2014-03-20,2.51757778849e-10
2014-03-21,-3.25325325325e-07
2014-03-22,4.42747246666e-07
2014-03-23,-1.51509956101e-16
2014-03-24,5.03012545636e-13
2014-03-25,3.45956465861e-07
2014-03-26,0.00013361933362
2014-03-27,0.000400400400602
2014-03-28,0.000118181818182
2014-03-29,-0.000406504065041
2014-03-30,3.92052113342e-08
2014-03-31,0.00014413946772
2014-04-01,6.01468867322e-10
2014-04-02,2.0120501806e-13
2014-04-03,2.53282542259e-07
2014-04-04,1.365001365e-07
2014-04-05,-1.81336813947e-07
2014-04-06,-2.38766612062e-10
2014-04-07,5.01503507567e-10
2014-04-08,-1.56023313449e-10
2014-04-09,5.68889054888e-08
2014-04-10,-8.83806156338e-17
2014-04-11,-0.0002
2014-04-12,-1.3832835976e-31
2014-04-13,9.25836763427e-43
2014-04-14,-1.58511763544e-34
2014-04-15,0.000500000000572
2014-04-16,0.0008
2014-04-17,-1.60311458484e-13
2014-04-18,1.01820690778e-13
2014-04-19,0.000400000351052
2014-04-20,5.05235704271e-16
2014-04-21,0.000353765294491
2014-04-22,1.81818181818e-05
2014-04-23,1.37185467224e-13
2014-04-24,0.000500379543173
2014-04-25,-0.0007
2014-04-26,5.05033084362e-16
2014-04-27,5.01503507515e-10
2014-04-28,5.00199598396e-07
2014-04-29,7.00700700802e-07
2014-04-30,5.0155380877e-10
2014-05-01,-4.62168892711e-34
2014-05-02,0.000600600901503
2014-05-03,0.000511037918743
2014-05-04,-0.000100100200502
2014-05-05,3.14372638414e-13
2014-05-06,3.42824074813e-26
2014-05-07,0.000107173213784
2014-05-08,-6.25000626877e-05
2014-05-09,-0.000762195120878
2014-05-10,-1.01006534828e-16
2014-05-11,6.22058281314e-28
2014-05-12,0.000500450901854
2014-05-13,1.364998856e-07
2014-05-14,-3.74999999998e-05
2014-05-15,3.49999297896e-07
2014-05-16,8.5346968241e-05
2014-05-17,5.03515557696e-11
2014-05-18,-4.98998998999e-05
2014-05-19,5.03012545151e-13
2014-05-20,0.000193181818182
2014-05-21,6.06039211025e-16
2014-05-22,-4.16814424174e-16
2014-05-23,3.51052455261e-10
2014-05-24,-1.56406406406e-07
2014-05-25,4.02410036121e-13
2014-05-26,0.00100100200501
2014-05-27,2.86000286e-07
2014-05-28,0.000136363636533
2014-05-29,1.54591944928e-10
2014-05-30,-2.00199998995e-07
2014-05-31,-1.75965247532e-10
2014-06-01,5.03012545151e-13
2014-06-02,3.52108781606e-13
2014-06-03,3.02904806962e-13
2014-06-04,2.58521877667e-22
2014-06-05,5.14215088143e-16
2014-06-06,0.000106918198439
2014-06-07,0.000300200336974
2014-06-08,6.88680924191e-17
2014-06-09,7.1059868146e-19
2014-06-10,1.00100100125e-06
2014-06-11,1.001001001e-07
2014-06-12,2.04356551535e-22
2014-06-13,5.03012545151e-13
2014-06-14,-5.01002507023e-08
2014-06-15,3.51052593135e-10
2014-06-16,-2.49785965238e-34
2014-06-17,0.0001004004004
2014-06-18,0.000500000000504
2014-06-19,0.000218181954956
2014-06-20,0.000136363469196
2014-06-21,5.01504517581e-10
2014-06-22,1.56722378945e-07
2014-06-23,2.002002002e-07
2014-06-24,-1.44295050244e-16
2014-06-25,-8.02405763535e-10
2014-06-26,-1.55476571333e-13
2014-06-27,3.34021288836e-10
2014-06-28,1.17470245309e-13
2014-06-29,0.00025
2014-06-30,2.00350651252e-07
2014-07-01,1.06248357533e-10
2014-07-02,4.37526752432e-28
2014-07-03,-1.25375739143e-10
2014-07-04,6.31811720107e-07
2014-07-05,-3.18729548633e-10
2014-07-06,1.36500136702e-07
2014-07-07,2.88590100489e-16
2014-07-08,-0.000150000049798
2014-07-09,0.000350000000101
2014-07-10,0.000136280356588
2014-07-11,5.33715038181e-31
2014-07-12,6.83868419339e-11
2014-07-13,1.23447366942e-09
2014-07-14,0.00048800068752
2014-07-15,0.000136363636364
2014-07-16,6.20506193541e-10
2014-07-17,1.13755095327e-28
2014-07-18,-1.00300196876e-10
2014-07-19,1.72394616839e-07
2014-07-20,1.38428326368e-19
2014-07-21,2.50250501757e-07
2014-07-22,-5.00065260512e-07
2014-07-23,-2.50348838689e-10
2014-07-24,0.000200333834168
2014-07-25,3.00902104509e-10
2014-07-26,7.65951501756e-22
2014-07-27,0.00075016653285
2014-07-28,0.000256565656566
2014-07-29,1.06849857569e-37
2014-07-30,0.000151515308695
2014-07-31,4.5957104243e-22
2014-08-01,2.03957645213e-07
2014-08-02,1.37736184324e-16
2014-08-03,-1.07250107249e-07
2014-08-04,1.08147628995e-40
2014-08-05,3.3668845057e-16
2014-08-06,0.000248636364125
2014-08-07,1.36974888937e-10
2014-08-08,0.000136363636598
2014-08-09,-4.57284131986e-15
2014-08-10,3.61107672535e-07
2014-08-11,-1.4743859662e-11
2014-08-12,7.02105315005e-10
2014-08-13,0.000500500501004
2014-08-14,-2.04253733802e-22
2014-08-15,1.76054390803e-13
2014-08-16,2.16442575507e-16
2014-08-17,0.000268181818182
2014-08-18,0.000313771128011
2014-08-19,1.60481122405e-10
2014-08-20,0.000137176604426
2014-08-21,-0.000749599198397
2014-08-22,2.26283396533e-25
2014-08-23,-1.49799097695e-07
2014-08-24,1.25878485398e-10
2014-08-25,3.50350350488e-07
2014-08-26,0.000100300902708
2014-08-27,0.000514933332342
2014-08-28,-3.18586704723e-07
2014-08-29,1.85020503629e-07
2014-08-30,4.37620914281e-13
2014-08-31,0.000157534326422
2014-09-01,5.00500500501e-07
2014-09-02,1.40246151901e-25
2014-09-03,2.57073230798e-07
2014-09-04,5.00500500501e-07
2014-09-05,0.000250136500137
2014-09-06,1.45078501979e-07
2014-09-07,0.000136363681847
2014-09-08,2.44726991913e-31
2014-09-09,1.03061120367e-10
2014-09-10,1.46699769354e-28
2014-09-11,3.003003003e-07
2014-09-12,1.69694294157e-13
2014-09-13,8.01603207222e-07
2014-09-14,4.57303176517e-10
2014-09-15,1.29909567533e-40
2014-09-16,2.07353147911e-28
2014-09-17,0.000507099391481
2014-09-18,6.01893633471e-10
2014-09-19,0.000312813013414
2014-09-20,0.000399999999874
2014-09-21,0.000749999598797
2014-09-22,2.03637246493e-13
2014-09-23,1.37185239459e-13
2014-09-24,1.38428325954e-19
2014-09-25,0.000508130081301
2014-09-26,5.00500500501e-07
2014-09-27,0.000425068318524
2014-09-28,4.0402608962e-16
2014-09-29,1.40121942485e-07
2014-09-30,1.79865092005e-13
2014-10-01,5.01503507516e-10
2014-10-02,0.00100000100301
2014-10-03,3.46704859639e-13
2014-10-04,0.000193181954956
2014-10-05,0.00044141802531
2014-10-06,0.000200179454346
2014-10-07,0.000517063136704
2014-10-08,0.000264780851662
2014-10-09,-2.002002002e-07
2014-10-10,-1.91087671583e-07
2014-10-11,1.37525671187e-07
2014-10-12,0.000100137001691
2014-10-13,3.003003003e-07
2014-10-14,-1.32093136217e-34
2014-10-15,0.000100700700701
2014-10-16,4.01202806012e-10
2014-10-17,0.000450111222334
2014-10-18,6.75675675676e-07
2014-10-19,-2.03739499829e-22
2014-10-20,-5.67676712166e-07
2014-10-21,1.02903125585e-22
2014-10-22,-0.000182005869506
2014-10-23,0.000250250250653
2014-10-24,2.5025025025e-07
2014-10-25,0.00027206010703
2014-10-26,8.00709618951e-07
2014-10-27,1.64295141651e-13
2014-10-28,1.36500137308e-07
2014-10-29,5.01503507516e-10
2014-10-30,5.03012544995e-13
2014-10-31,5.58827797227e-16
2014-11-01,-1.55082038398e-05
2014-11-02,6.49213486681e-07
2014-11-03,0.000384726201692
2014-11-04,2.86573432866e-10
2014-11-05,0.000566666087152
2014-11-06,7.14908951484e-10
2014-11-07,4.0269622161e-13
2014-11-08,-3.00300162767e-07
2014-11-09,3.36725695773e-16
2014-11-10,4.04026141095e-16
2014-11-11,2.50751753758e-10
2014-11-12,-1.51194464305e-28
2014-11-13,2.41028979772e-13
2014-11-14,0.000285614185614
2014-11-15,9.43148522155e-14
2014-11-16,5.07571042731e-19
2014-11-17,0.000214500429646
2014-11-18,1.00300701648e-10
2014-11-19,0.0006
2014-11-20,-0.000166666415579
2014-11-21,-5.0503267606e-16
2014-11-22,-1.1958807049e-07
2014-11-23,0.000558333333333
2014-11-24,1.36773683868e-10
2014-11-25,0.000720461095101
2014-11-26,0.000249999999497
2014-11-27,8.71233294976e-25
2014-11-28,5.1704203963e-122
2014-11-29,1.25365596037e-06
2014-11-30,1.25470120859e-06
2014-12-01,-0.000333333333459
2014-12-02,0.000130015248528
2014-12-03,-0.0010000000001
2014-12-04,4.00400601808e-07
2014-12-05,0.000350000351052
2014-12-06,-0.000887903359551
2014-12-07,2.20377894918e-16
2014-12-08,9.4750695289e-10
2014-12-09,-2.11712294912e-10
2014-12-10,3.39658964929e-13
2014-12-11,0.000136413686414
2014-12-12,1.95454581134e-13
2014-12-13,-1.41285237216e-11
2014-12-14,-1.671673645e-10
2014-12-15,2.50000000057e-05
2014-12-16,0.000156583667101
2014-12-17,1.35184591867e-40
2014-12-18,1.02126866901e-22
2014-12-19,0.0001
2014-12-20,1.51509802756e-16
2014-12-21,1.39263909411e-22
2014-12-22,-4.39918122363e-13
2014-12-23,0.000268181818182
2014-12-24,0.000394039260639
2014-12-25,4.2577496864e-10
2014-12-26,1.36098933832e-07
2014-12-27,-3.33667201539e-07
2014-12-28,5.15306236229e-10
2014-12-29,0.000136534261534
2014-12-30,0.000136363636501
2014-12-31,-0.000133900148344
2015-01-01,0.000507202355969
2015-01-02,0.000375100601906
2015-01-03,-4.5045045045e-07
2015-01-04,8.49480839481e-05
2015-01-05,0.000901803607215
2015-01-06,9.06333458346e-07
2015-01-07,0.000401498929336
2015-01-08,0.000512257712258
2015-01-09,-1.36537326368e-10
2015-01-10,0.000243181818685
2015-01-11,0.000445111789712
2015-01-12,1.37176498069e-10
2015-01-13,4.22698036244e-34
2015-01-14,0.000132224604273
2015-01-15,0.000500000369289
2015-01-16,-0.000166166165764
2015-01-17,-2.7760025802e-10
2015-01-18,-1.67402218626e-43
2015-01-19,1.36500495933e-07
2015-01-20,0.000509164969451
2015-01-21,4.2783202049e-37
2015-01-22,2.00200401607e-07
2015-01-23,0.000600000000335
2015-01-24,4.99999996982e-05
2015-01-25,3.52108920034e-13
2015-01-26,0.0004993999003
2015-01-27,1.02707928749e-09
2015-01-28,0.00040035035052
2015-01-29,4.84729167433e-07
2015-01-30,1.01306726593e-10
2015-01-31,1.63655710458e-10
2015-02-01,-8.3333333063e-05
2015-02-02,-0.0003003003003
2015-02-03,2.79381684836e-40
2015-02-04,0.000510307458677
2015-02-05,1.05072995693e-67
2015-02-06,0.000313000500501
2015-02-07,1.79108395541e-10
2015-02-08,1.00100099967e-07
2015-02-09,0.000274808633999
2015-02-10,5.61761916358e-05
2015-02-11,-0.0005
2015-02-12,-5.08063164642e-23
2015-02-13,-6.00429605811e-07
2015-02-14,4.14378273341e-25
2015-02-15,4.27048210749e-16
2015-02-16,0.000138073674803
2015-02-17,2.2871229736e-07
2015-02-18,0.00013487144169
2015-02-19,2.002002002e-07
2015-02-20,0.000268582118181
2015-02-21,0.00013095197975
2015-02-22,5.01002406723e-07
2015-02-23,7.02268389599e-10
2015-02-24,-4.78730672125e-19
2015-02-25,0.00010027027027
2015-02-26,0.000136530469864
2015-02-27,0.000200499886833
2015-02-28,-2.4599599566e-05
2015-03-01,5.5055055045e-07
2015-03-02,3.33103649147e-08
2015-03-03,2.79060837608e-07
2015-03-04,0.0004362867379
2015-03-05,4.54075017986e-10
2015-03-06,-0.0006
2015-03-07,5.83176036177e-10
2015-03-08,-5.00500500501e-08
2015-03-09,3.91181476805e-13
2015-03-10,3.50350350351e-07
2015-03-11,1.40691006851e-07
2015-03-12,0.000136363636364
2015-03-13,1.365001365e-07
2015-03-14,6.81537386801e-07
2015-03-15,-0.000337381084299
2015-03-16,1.0461784945e-30
2015-03-17,-0.0003
2015-03-18,5.11045721682e-22
2015-03-19,1.37185239587e-13
2015-03-20,0.0008
2015-03-21,-1.59541650712e-35
2015-03-22,3.34336027756e-11
2015-03-23,1.0066957737e-10
2015-03-24,2.52654766253e-16
2015-03-25,-0.000474999692733
2015-03-26,-1.53127449532e-23
2015-03-27,0.000216383214371
2015-03-28,-5.07570528356e-19
2015-03-29,9.60002502497e-05
2015-03-30,0.000433827771139
2015-03-31,3.39976819298e-37
2015-04-01,0.000518523944523
2015-04-02,2.00200389019e-07
2015-04-03,0.000136363773137
2015-04-04,4.82206088613e-07
2015-04-05,8.00700500099e-07
2015-04-06,1.11623604843e-07
2015-04-07,0.000836820083682
2015-04-08,0.000414507772021
2015-04-09,1.74363085655e-31
2015-04-10,5.03316486919e-13
2015-04-11,6.00600600601e-07
2015-04-12,1.94568188184e-19
2015-04-13,2.42774158236e-07
2015-04-14,3.00300300721e-07
2015-04-15,4.75539965456e-32
2015-04-16,-1.66833500116e-07
2015-04-17,6.38903354097e-08
2015-04-18,1.00100098576e-06
2015-04-19,5.00500299296e-07
2015-04-20,-8.40884467683e-08
2015-04-21,-5.00501002508e-05
2015-04-22,1.36636910184e-07
2015-04-23,4.57743714462e-14
2015-04-24,8.12113085571e-19
2015-04-25,0.000174739013934
2015-04-26,-0.000277677677577
2015-04-27,1.53304407972e-07
2015-04-28,-1.86434294294e-07
2015-04-29,1.68472822298e-64
2015-04-30,9.47589578951e-05
2015-05-01,2.1622468943e-07
2015-05-02,2.86201290218e-07
2015-05-03,5.01002507526e-08
2015-05-04,7.51553156363e-07
2015-05-05,-0.0001
2015-05-06,0.00031818213732
2015-05-07,2.00601403006e-07
2015-05-08,-0.000400400400802
2015-05-09,2.03028211658e-19
2015-05-10,3.33667000738e-07
2015-05-11,0.000500501002508
2015-05-12,-0.000104137662711
2015-05-13,-0.000389239239239
2015-05-14,4.95449187938e-64
2015-05-15,0.000400000250752
2015-05-16,1.00099999498e-07
2015-05-17,3.52711052044e-16
2015-05-18,0.0004
2015-05-19,2.58293576193e-70
2015-05-20,0.000382812667168
2015-05-21,0.000199974975478
2015-05-22,0.000399999999496
2015-05-23,8.11107217815e-40
2015-05-24,0.000218819037958
2015-05-25,0.000800000000216
2015-05-26,-2.08625964105e-13
2015-05-27,0.000700000001006
2015-05-28,4.63024511126e-08
2015-05-29,2.64883261078e-07
2015-05-30,0.000136500273411
2015-05-31,1.38432369784e-07
2015-06-01,5.40738367918e-40
2015-06-02,7.20057261107e-25
2015-06-03,0.0001997997998
2015-06-04,5.19779629989e-13
2015-06-05,5.07570668743e-19
2015-06-06,-0.0010172939978
2015-06-07,1.45991887589e-16
2015-06-08,-3.49905621706e-10
2015-06-09,5.10634334818e-22
2015-06-10,7.02105415554e-10
2015-06-11,1.446358531e-34
2015-06-12,3.69791958988e-10
2015-06-13,2.002002002e-07
2015-06-14,0.000383333333334
2015-06-15,-6.18855321456e-08
2015-06-16,0.0002
2015-06-17,0.000250250318637
2015-06-18,-0.000104379291148
2015-06-19,3.36337339345e-05
2015-06-20,-1.2512498824e-07
2015-06-21,4.07287684061e-10
2015-06-22,-0.0001001001001
2015-06-23,-5.06072872839e-05
2015-06-24,2.52011305251e-13
2015-06-25,6.81818181818e-05
2015-06-26,-0.000749783868488
2015-06-27,9.98498508559e-05
2015-06-28,-7.38732183748e-11
2015-06-29,0.000136363636364
2015-06-30,2.52839337495e-16
2015-07-01,4.00463088339e-07
2015-07-02,0.000170625341764
2015-07-03,2.51003260031e-10
2015-07-04,5.14752353331e-26
2015-07-05,-5.02379784933e-28
2015-07-06,5.10234374748e-22
2015-07-07,1.82000182e-08
2015-07-08,0.00042339269916
2015-07-09,5.13987153698e-07
2015-07-10,3.67434902993e-07
2015-07-11,-1.59274566696e-20
2015-07-12,-0.000127377304344
2015-07-13,-5.35982731866e-07
2015-07-14,0.000250000136774
2015-07-15,-0.000496527777778
2015-07-16,1.76721225132e-28
2015-07-17,-0.000220994475138
2015-07-18,1.37185239587e-13
2015-07-19,5.01503507516e-10
2015-07-20,-0.000635592922209
2015-07-21,0.0005
2015-07-22,0.000349999844089
2015-07-23,1.0060250903e-12
2015-07-24,1.5642801569e-07
2015-07-25,-1.67167835839e-07
2015-07-26,5.49898015606e-13
2015-07-27,1.00300701503e-10
2015-07-28,-0.00075
2015-07-29,2.21269734562e-13
2015-07-30,0.000102932648754
2015-07-31,0.000166833667503
2015-08-01,-4.17771149142e-07
2015-08-02,2.47815496413e-10
2015-08-03,0.000295323130425
2015-08-04,0.00035
2015-08-05,1.25376432415e-10
2015-08-06,1.04199493696e-28
2015-08-07,2.24974473674e-07
2015-08-08,-5.77476548714e-07
2015-08-09,0.000264228276587
2015-08-10,-2.65280197062e-07
2015-08-11,1.58141545105e-16
2015-08-12,1.4221442999e-28
2015-08-13,5.17049905841e-10
2015-08-14,8.87729212248e-49
2015-08-15,-3.56334475806e-11
2015-08-16,-1.00602508891e-13
2015-08-17,-1.05277182311e-24
2015-08-18,0.00185744138933
2015-08-19,1.2512512517e-07
2015-08-20,1.00752749907e-16
2015-08-21,0.000149370011449
2015-08-22,0.00100300912829
2015-08-23,2.15957272342e-22
2015-08-24,5.04527643179e-10
2015-08-25,-2.05693675822e-25
2015-08-26,-3.04566096992e-07
2015-08-27,-0.000124999999931
2015-08-28,0.000268682318682
2015-08-29,0.000378831856134
2015-08-30,-1.28421290873e-10
2015-08-31,4.004004004e-07
2015-09-01,1.50150150487e-07
2015-09-02,2.05925851237e-19
2015-09-03,0.000202980162515
2015-09-04,4.71595854947e-07
2015-09-05,0.000835073639366
2015-09-06,-1.36263933406e-10
2015-09-07,4.52106546971e-07
2015-09-08,-4.39730073721e-16
2015-09-09,4.99998996993e-07
2015-09-10,5.37910804529e-10
2015-09-11,-1.56050263826e-07
2015-09-12,0.00101502270949
2015-09-13,0.000337550443025
2015-09-14,1.66666664157e-05
2015-09-15,1.39970136736e-19
2015-09-16,-7.71350958465e-25
2015-09-17,3.53522873098e-16
2015-09-18,0.000283333333333
2015-09-19,-0.000260796722535
2015-09-20,0.00015438596553
2015-09-21,1.73842351996e-07
2015-09-22,3.0454231724e-19
2015-09-23,5.04022407474e-13
2015-09-24,1.365001365e-07
2015-09-25,1.001001001e-07
2015-09-26,1.36500136343e-07
2015-09-27,0.00043376753507
2015-09-28,-2.32515262575e-10
2015-09-29,0.000125000000001
2015-09-30,-5.00500500501e-05
2015-10-01,1.0019442212e-16
2015-10-02,7.88022228526e-13
2015-10-03,4.56787677192e-16
2015-10-04,3.21543526351e-16
2015-10-05,0.000500250752257
2015-10-06,0.0005
2015-10-07,0.00050002502505
2015-10-08,1.3854829717e-16
2015-10-09,-3.6787282073e-05
2015-10-10,0.00033333333283
2015-10-11,0.0004
2015-10-12,5.00637492156e-07
2015-10-13,1.00602534409e-12
2015-10-14,1.36773683868e-10
2015-10-15,0.000100100100656
2015-10-16,0.000188203070434
2015-10-17,0.000500501002004
2015-10-18,2.01811057271e-10
2015-10-19,-0.00019974874624
2015-10-20,0.00050050140371
2015-10-21,-2.54127122889e-10
2015-10-22,-0.000670390828194
2015-10-23,0.000214500429646
2015-10-24,-7.16433582165e-11
2015-10-25,0.000350000802406
2015-10-26,-4.58333338362e-05
2015-10-27,-2.00601402499e-10
2015-10-28,2.74258118565e-25
2015-10-29,0.000136263536264
2015-10-30,6.79119333092e-11
2015-10-31,0.000136363636364
2015-11-01,4.34636511424e-10
2015-11-02,6.02674620438e-88
2015-11-03,-2.25928223539e-10
2015-11-04,-1.44435905048e-43
2015-11-05,1.04442570009e-07
2015-11-06,0.000156565793477
2015-11-07,1.37736184324e-16
2015-11-08,1.72394416341e-07
2015-11-09,0.000400750750751
2015-11-10,6.27812776797e-31
2015-11-11,-1.54905076403e-37
2015-11-12,8.34165991797e-08
2015-11-13,4.22559776656e-25
2015-11-14,-0.0341661963445
2015-11-15,4.57059280589e-07
2015-11-16,2.03538986497e-19
2015-11-17,-3.34122163382e-10
2015-11-18,-2.09064673656e-10
2015-11-19,4.58792125459e-07
2015-11-20,0.000100000136774
2015-11-21,0.000214285689419
2015-11-22,0.000532766414819
2015-11-23,-0.000700025025277
2015-11-24,-0.000104166666772
2015-11-25,4.00400400401e-07
2015-11-26,0.000136363636079
2015-11-27,1.00300701503e-10
2015-11-28,4.02410036121e-13
2015-11-29,-1.68039682967e-16
2015-11-30,6.19184313419e-07
2015-12-01,0.000505051332043
2015-12-02,0.0003998998999
2015-12-03,-7.15000720051e-08
2015-12-04,6.82506720024e-08
2015-12-05,7.10738209499e-19
2015-12-06,0.000650000000216
2015-12-07,6.76605609141e-76
2015-12-08,7.11664162174e-13
2015-12-09,6.72699864443e-11
2015-12-10,3.33667000331e-08
2015-12-11,-4.00951047257e-10
2015-12-12,2.50250250388e-07
2015-12-13,4.50291778192e-07
2015-12-14,0.000136363836965
2015-12-15,-5.00003789138e-05
2015-12-16,0.000700068250068
2015-12-17,0.000178571428641
2015-12-18,1.56879415396e-07
2015-12-19,5.07825845146e-19
2015-12-20,0.000166667168338
2015-12-21,0.000100100200502
2015-12-22,1.0079280182e-07
2015-12-23,1.00602356488e-10
2015-12-24,8.72639468163e-26
2015-12-25,0.000136763234359
2015-12-26,-5.06562648255e-08
2015-12-27,-1.55209159801e-07
2015-12-28,3.51252654254e-07
2015-12-29,0.000900350685446
2015-12-30,-2.22255711762e-46
2015-12-31,1.02846794462e-24
2016-01-01,1.70897090131e-22
2016-01-02,1.00642921796e-12
2016-01-03,4.00399998059e-07
2016-01-04,0.000667467467467
2016-01-05,1.40264479031e-25
2016-01-06,2.72685824653e-07
2016-01-07,0.00100000050201
2016-01-08,1.43286854169e-10
2016-01-09,2.01183011668e-10
2016-01-10,-4.14704992681e-28
2016-01-11,1.75337784242e-07
2016-01-12,-2.50049648847e-07
2016-01-13,0.000515463917526
2016-01-14,1.0059493354e-12
2016-01-15,3.00300437486e-07
2016-01-16,0.00035
2016-01-17,-0.000823748114245
2016-01-18,0.0002004004004
2016-01-19,0.000268149628177
2016-01-20,5.00299899314e-07
2016-01-21,0.000800000501504
2016-01-22,0.000211051950831
2016-01-23,1.00343457553e-09
2016-01-24,0.000250000250752
2016-01-25,3.67769743877e-10
2016-01-26,2.43425595534e-07
2016-01-27,7.45137808752e-13
2016-01-28,2.07201825574e-16
2016-01-29,-2.00200199998e-07
2016-01-30,0.000136500273411
2016-01-31,1.365001365e-07
2016-02-01,0.000400000136774
2016-02-02,1.22526423021e-28
2016-02-03,-0.000100000200601
2016-02-04,-0.000679501516987
2016-02-05,1.365001365e-07
2016-02-06,-1.00100049799e-06
2016-02-07,-2.0221987967e-28
2016-02-08,-0.000231213872233
2016-02-09,0.000136363937266
2016-02-10,2.68450629705e-07
2016-02-11,3.50551167331e-07
2016-02-12,6.03615054181e-13
2016-02-13,-0.000374843593594
2016-02-14,-0.000500000000025
2016-02-15,2.72465128624e-13
2016-02-16,7.32588801461e-31
2016-02-17,0.000138863384687
2016-02-18,1.78325734041e-31
2016-02-19,4.74999899363e-10
2016-02-20,3.00677031849e-07
2016-02-21,0.000136363987417
2016-02-22,6.00600601207e-07
2016-02-23,5.53314307237e-13
2016-02-24,3.16372238773e-10
2016-02-25,2.67124643734e-37
2016-02-26,3.64867600642e-22
2016-02-27,2.50751753352e-10
2016-02-28,4.004004004e-07
2016-02-29,0.000500000000402
2016-03-01,3.24965046802e-10
2016-03-02,1.63411314435e-07
2016-03-03,0.000136363636364
2016-03-04,0.000199999297744
2016-03-05,5.00500601204e-07
2016-03-06,0.000300000401605
2016-03-07,0.00100000021493
2016-03-08,-3.68993123172e-61
2016-03-09,-3.01927772746e-13
2016-03-10,1.38154349029e-07
2016-03-11,1.36774037898e-10
2016-03-12,0.00013641919738
2016-03-13,-4.24241414193e-05
2016-03-14,0.000136363427404
2016-03-15,1.36773683677e-10
2016-03-16,1.66970386648e-07
2016-03-17,5.01503608522e-10
2016-03-18,-0.000800000802406
2016-03-19,9.02873782575e-10
2016-03-20,-9.00572101772e-11
2016-03-21,6.83062534284e-05
2016-03-22,3.34427266849e-10
2016-03-23,5.39701358005e-08
2016-03-24,3.1913893238e-10
2016-03-25,0.000104058426762
2016-03-26,0.000214285546967
2016-03-27,1.11480998039e-28
2016-03-28,8.73571618363e-26
2016-03-29,-3.7877444448e-16
2016-03-30,1.96669392779e-19
2016-03-31,1.00200400802e-07
2016-04-01,0.00050916496945
2016-04-02,-0.000201054049002
2016-04-03,3.52512807747e-13
2016-04-04,5.00099298268e-07
2016-04-05,0.000133332932131
2016-04-06,-1.00300701365e-10
2016-04-07,-0.000231818382419
2016-04-08,4.010980116e-10
2016-04-09,1.00300701503e-10
2016-04-10,3.18500456191e-07
2016-04-11,1.001001001e-07
2016-04-12,2.50366379451e-70
2016-04-13,-0.000100000143866
2016-04-14,5.00500501308e-07
2016-04-15,-1.00300701496e-09
2016-04-16,0.000329367920489
2016-04-17,3.65140123811e-106
2016-04-18,1.00100603232e-07
2016-04-19,0.0008
2016-04-20,-0.000124863499863
2016-04-21,6.35371844351e-19
2016-04-22,-2.50751753249e-11
2016-04-23,6.96180254427e-07
2016-04-24,-4.02410036095e-13
2016-04-25,-3.35340986168e-13
2016-04-26,0.0005002002002
2016-04-27,4.02410036529e-13
2016-04-28,0.000450188139041
2016-04-29,1.17199309857e-12
2016-04-30,0.000190662414927
2016-05-01,5.0676929586e-08
2016-05-02,-4.34190073059e-10
2016-05-03,0.000125000000006
2016-05-04,-0.000255290723227
2016-05-05,0.000500166834003
2016-05-06,-5.00500702413e-07
2016-05-07,0.000400000401203
2016-05-08,0.000219058050383
2016-05-09,0.000601202365496
2016-05-10,7.55024358484e-13
2016-05-11,4.02409655545e-13
2016-05-12,7.76619975511e-08
2016-05-13,3.19458694584e-10
2016-05-14,0.000400977279657
2016-05-15,4.93738728709e-05
2016-05-16,4.00400803081e-07
2016-05-17,5.01503002483e-10
2016-05-18,-4.01202806012e-10
2016-05-19,0.0005003003003
2016-05-20,2.00400751504e-07
2016-05-21,-4.16372682547e-79
2016-05-22,2.19029331502e-31
2016-05-23,0.000500318819457
2016-05-24,4.17919589749e-10
2016-05-25,0.00022939606296
2016-05-26,1.10498846168e-19
2016-05-27,2.66987467386e-37
2016-05-28,-0.000406917599186
2016-05-29,-2.35921390993e-07
2016-05-31,0.00035030007736
2016-06-01,-1.6334032039e-10
2016-06-02,5.00500500501e-08
2016-06-03,-2.84185336091e-10
2016-06-04,-1.00965929529e-15
2016-06-05,-1.89387253152e-16
2016-06-06,1.50287061157e-07
2016-06-07,1.88146051386e-46
2016-06-08,0.000164628122202
2016-06-09,1.42152362521e-07
2016-06-10,5.005005005e-07
2016-06-11,1.89393939394e-06
2016-06-12,6.22057224569e-28
2016-06-13,3.50293802358e-22
2016-06-14,9.63093235726e-10
2016-06-15,2.77175302231e-19
2016-06-16,2.25024774726e-07
2016-06-17,1.00671377122e-13
2016-06-18,0.000575953816063
2016-06-19,0.000600300299798
2016-06-20,0.0001874999999
2016-06-21,-2.00098390567e-10
2016-06-22,3.47536078714e-13
2016-06-23,0.000136363636364
2016-06-24,5.01503507922e-10
2016-06-25,2.16442575572e-16
2016-06-26,6.12761201405e-22
2016-06-27,5.01503356006e-10
2016-06-28,5.34188034189e-05
2016-06-29,1.001001001e-06
2016-06-30,6.72823990931e-19
2016-07-01,0.000399999999623
2016-07-02,1.04617764463e-31
2016-07-03,1.06209933056e-25
2016-07-04,7.50005015037e-05
2016-07-05,2.1334037443e-10
2016-07-06,-3.75238464607e-07
2016-07-07,-4.17083750838e-07
2016-07-08,0.000499999999698
2016-07-09,4.00601001803e-07
2016-07-10,1.01211605451e-07
2016-07-11,0.000512820512822
2016-07-12,0.000400500671568
2016-07-13,-0.000400750750751
2016-07-14,0.000197225891144
2016-07-15,0.000139288889091
2016-07-16,-7.15001432154e-05
2016-07-17,1.42586346534e-07
2016-07-18,6.65917277684e-61
2016-07-19,-9.62498313493e-12
2016-07-20,1.37184985597e-13
2016-07-21,4.06056423212e-19
2016-07-22,0.000357279156678
2016-07-23,4.00468924428e-07
2016-07-24,-1.001001001e-07
2016-07-25,0.000100125125125
2016-07-26,-3.12820416736e-13
2016-07-27,-9.38430390238e-08
2016-07-28,5.005008366e-07
2016-07-29,5.65090084595e-11
2016-07-30,1.76365645011e-07
2016-07-31,-7.54518819759e-14
2016-08-01,0.00010000056989
2016-08-02,7.0210491066e-10
2016-08-03,0.000109055664611
2016-08-04,0.00040000040134
2016-08-05,0.00045
2016-08-06,0.0003
2016-08-07,-0.000130352382055
2016-08-08,5.00801251701e-07
2016-08-09,6.82501367057e-05
2016-08-10,4.50450450955e-07
2016-08-11,-1.001001001e-07
2016-08-12,-1.32612398267e-13
2016-08-13,-6.5e-05
2016-08-14,0.0005
2016-08-15,-0.000161461711494
2016-08-16,0.001
2016-08-17,6.88682316833e-17
2016-08-18,8.00801115184e-07
2016-08-19,-1.001001001e-06
2016-08-20,0.000170454682228
2016-08-21,2.68550066139e-07
2016-08-22,0.0010003336664
2016-08-23,0.00106780474428
2016-08-24,0.00100013624938
2016-08-25,0.00100036717093
2016-08-26,1.32029498796e-21
2016-08-27,-3.33817416188e-13
2016-08-28,1.36500136517e-07
2016-08-29,1.36439866299e-10
2016-08-30,-2.0758514455e-10
2016-08-31,-4.01605215033e-10
2016-09-01,1.02126866901e-22
2016-09-02,0.000400000652458
2016-09-03,-1.9898614374e-22
2016-09-05,1.80233853939e-34
2016-09-06,0.0004001001001
2016-09-07,8.35335333659e-05
2016-09-08,1.36500639462e-07
2016-09-09,0.000800800800801
2016-09-10,-0.000200000100469
2016-09-11,-5.014029046e-10
2016-09-12,1.09678782807e-07
2016-09-13,-0.0002
2016-09-14,4.004004004e-07
2016-09-15,0.000255555906608
2016-09-16,0.000308324769092
2016-09-17,0.000214285714286
2016-09-18,-1.00100112675e-06
2016-09-19,1.51092851616e-10
2016-09-20,-3.17594242498e-10
2016-09-21,-7.97866147662e-22
2016-09-22,3.18044619479e-16
2016-09-23,1.21212121216e-05
2016-09-24,0.000499933266737
2016-09-25,1.39264116763e-22
2016-09-26,-6.57432818468e-43
2016-09-27,-0.000116666729355
2016-09-28,2.91127777681e-16
2016-09-29,-0.000124999987705
2016-09-30,-0.000177777777778
2016-10-01,3.53522873098e-16
2016-10-02,-2.50709841913e-10
2016-10-03,5.01503507313e-10
2016-10-04,0.000255623721881
2016-10-05,-7.54746082431e-13
2016-10-06,-1.66547012801e-07
2016-10-07,0.000136363773137
2016-10-08,3.70357550944e-16
2016-10-09,-0.000166666682015
2016-10-10,0.000499962964771
2016-10-11,1.001001001e-06
2016-10-12,1.365001365e-07
2016-10-13,1.71481752767e-13
2016-10-14,4.68069940856e-10
2016-10-15,-0.000399999598796
2016-10-16,0.000136363737268
2016-10-17,0.000283333332942
2016-10-18,0.000500500501004
2016-10-19,0.000100251253185
2016-10-20,1.50020085311e-07
2016-10-21,9.85779902351e-31
2016-10-22,5.36166051229e-22
2016-10-23,0.000499974975478
2016-10-24,0.000399874749499
2016-10-25,2.17009520816e-10
2016-10-26,6.84505377086e-05
2016-10-27,-3.33667000334e-08
2016-10-28,0.000200187687688
2016-10-29,5.69320459101e-07
2016-10-30,-0.000251004218677
2016-10-31,0.001
2016-11-01,0.000108813928183
2016-11-02,-0.000399931749932
2016-11-03,0.000136463736464
2016-11-04,0.000599999799399
2016-11-05,2.5025025025e-07
2016-11-06,0.000425000564191
2016-11-07,-1.33734268265e-10
2016-11-08,2.55937755938e-07
2016-11-09,0.000136363636364
2016-11-10,-2.52516337927e-16
2016-11-11,-1.56030278776e-07
2016-11-12,2.1125021125e-07
2016-11-13,7.50750922232e-07
2016-11-14,5.00500500501e-07
2016-11-15,1.36773683868e-10
2016-11-16,0.0005
2016-11-17,3.51856265268e-13
2016-11-18,6.28767156307e-14
2016-11-19,-2.50751248725e-10
2016-11-20,-8.51208716376e-05
2016-11-21,1.365001365e-07
2016-11-22,-2.00400197785e-10
2016-11-23,-5.03012545151e-13
2016-11-24,1.29595784346e-28
2016-11-25,0.00025
2016-11-26,0.0004
2016-11-27,2.00601540742e-10
2016-11-28,-0.000439493221336
2016-11-29,-0.000516528814664
2016-11-30,-0.000299863406401
2016-12-01,1.01312811444e-06
2016-12-02,0.00035714285728
2016-12-03,3.88665218833e-10
2016-12-04,-6.26879374241e-11
2016-12-05,1.29296099815e-07
2016-12-06,-8.02405612026e-10
2016-12-07,-1.72813775995e-10
2016-12-08,0.000193181768031
2016-12-09,1.00100083333e-06
2016-12-10,7.02809734125e-10
2016-12-11,0.000191571490764
2016-12-12,0.000253036437391
2016-12-13,3.49571917074e-31
2016-12-14,0.0009
2016-12-15,1.00100100114e-06
2016-12-16,-5.44067683918e-26
2016-12-17,-0.000120772948146
2016-12-18,-6.19564267872e-07
2016-12-19,0.000126127188394
2016-12-20,3.52058278338e-13
2016-12-21,3.50349646386e-07
2016-12-22,4.00400561768e-07
2016-12-23,0.000840916019405
2016-12-24,-1.00099496485e-10
2016-12-25,6.03615392562e-13
2016-12-26,-2.50751753656e-10
2016-12-27,0.000800000250752
2016-12-28,2.03028211695e-19
2016-12-29,0.000143034814679
2016-12-30,0.000800000480011
2016-12-31,2.47000247e-07
2017-01-01,8.18722547476e-07
2017-01-02,4.37937937938e-07
2017-01-03,0.000199600602908
2017-01-04,-0.000163971926472
2017-01-05,-4.13391576216e-10
2017-01-06,5.0050050045e-07
2017-01-07,4.752004387e-126
2017-01-08,2.14654084894e-07
2017-01-09,-1.50150149258e-07
2017-01-10,1.25125125125e-07
2017-01-11,-1.001001001e-07
2017-01-12,6.30903483492e-11
2017-01-13,9.33081657609e-10
2017-01-14,5.24644372944e-11
2017-01-15,-5.41970169961e-07
2017-01-16,5.14234144182e-25
2017-01-17,-3.0030048318e-07
2017-01-18,-4.14300970896e-16
2017-01-19,5.34409162627e-13
2017-01-20,5.01503507415e-10
2017-01-21,-3.00902205617e-10
2017-01-22,6.25621601528e-08
2017-01-23,1.32093136326e-34
2017-01-24,1.43006128506e-07
2017-01-25,2.60781950572e-10
2017-01-26,2.50501253511e-07
2017-01-27,0.0006000000001
2017-01-28,5.30284309853e-16
2017-01-29,-0.000214822772018
2017-01-30,-7.68067674523e-07
2017-01-31,7.02809128085e-10
2017-02-01,2.11175339937e-13
2017-02-02,6.84637180173e-106
2017-02-03,0.000750166237666
2017-02-04,-0.000125000132215
2017-02-05,3.50729695585e-07
2017-02-06,1.03396820142e-13
2017-02-07,2.0093654269e-07
2017-02-08,3.26386246753e-10
2017-02-09,2.55477472498e-16
2017-02-10,3.1310838537e-22
2017-02-11,1.66081245007e-07
2017-02-12,0.000577500577647
2017-02-13,5.0050084811e-07
2017-02-14,8.00801605621e-07
2017-02-15,4.16666666667e-05
2017-02-16,2.28188974463e-10
2017-02-17,0.000500136500136
2017-02-18,3.25680992708e-25
2017-02-19,-4.29201967998e-40
2017-02-20,0.000341416416416
2017-02-21,5.28335246172e-34
2017-02-22,1.53562847908e-07
2017-02-23,1.37532951859e-16
2017-02-24,0.000136363636263
2017-02-25,5.10634476508e-22
2017-02-26,5.47814533989e-07
2017-02-27,3.24228448867e-10
2017-02-28,0.000499599197994
2017-03-01,0.000136801574302
2017-03-02,3.33667508397e-08
2017-03-03,4.00400401032e-07
2017-03-04,3.50349947941e-07
2017-03-05,-5.00500802308e-07
2017-03-06,5.07562490481e-20
2017-03-07,-1.06879400899e-13
2017-03-08,2.55850940151e-07
2017-03-09,4.01359997433e-10
2017-03-10,1.36636910184e-07
2017-03-11,0.000191154213199
2017-03-12,-4.01203594618e-10
2017-03-13,2.69096975191e-16
2017-03-14,2.50213176153e-13
2017-03-15,0.0005
2017-03-16,1.45489520438e-10
2017-03-17,-3.00601202405e-07
2017-03-18,0.000376001544296
2017-03-19,4.87916341942e-10
2017-03-20,0.000433767536378
2017-03-21,2.66139902336e-19
2017-03-22,0.000139545460588
2017-03-23,0.0004375
2017-03-24,6.82508730701e-08
2017-03-25,3.51052455464e-10
2017-03-26,1.00906137111e-06
2017-03-27,-6.00901502705e-07
2017-03-28,1.6599464747e-13
2017-03-29,3.29916168571e-31
2017-03-30,5.00000000504e-05
2017-03-31,1.36750888254e-07
2017-04-01,-2.11487720207e-19
2017-04-02,7.00700700196e-07
2017-04-03,3.02613651217e-16
2017-04-04,2.09562696378e-10
2017-04-05,-2.00601403006e-10
2017-04-06,2.83455350657e-10
2017-04-07,0.000105541605075
2017-04-08,5.55305870365e-05
2017-04-09,6.51720542149e-07
2017-04-10,2.00551252655e-07
2017-04-11,7.21585596551e-07
2017-04-12,-6.68336094319e-10
2017-04-13,-0.000102171215465
2017-04-14,1.00432361316e-06
2017-04-15,-5.0040763167e-14
2017-04-16,0.0003
2017-04-17,-0.000699999999598
2017-04-18,6.83184550924e-08
2017-04-19,1.6783900227e-13
2017-04-20,0.000136363773137
2017-04-21,2.04638468238e-13
2017-04-22,1.17017485087e-10
2017-04-23,-2.15511230321e-13
2017-04-24,0.00028125
2017-04-25,-4.04432057714e-16
2017-04-26,5.23088819853e-31
2017-04-27,2.50772712614e-10
2017-04-28,-0.00018096272168
2017-04-29,-2.52669211816e-16
2017-04-30,-8.31279740999e-23
2017-05-01,4.94221756506e-05
2017-05-02,5.02955155074e-13
2017-05-03,0.000193181817553
2017-05-04,4.01202806063e-10
2017-05-05,0.000400200200201
2017-05-06,2.09226512228e-10
2017-05-07,0.000367561193914
2017-05-08,0.0005
2017-05-09,6.12734047175e-07
2017-05-10,2.51623038862e-08
2017-05-11,2.3821356003e-10
2017-05-12,4.41725058943e-13
2017-05-13,0.00013636368338
2017-05-14,5.1998951333e-118
2017-05-15,-0.000600800800801
2017-05-16,-0.0001
2017-05-17,1.36773633365e-10
2017-05-18,2.20560271135e-07
2017-05-19,0.000546547640736
2017-05-20,5.25431090911e-07
2017-05-21,-0.000255674135423
2017-05-22,0.000562429696288
2017-05-23,5.84421206183e-22
2017-05-24,-0.000402414691181
2017-05-25,0.0001443001443
2017-05-26,0.000203459010365
2017-05-27,6.03614851314e-13
2017-05-28,0.000175
2017-05-29,0.000137880319882
2017-05-30,2.52516848562e-16
2017-05-31,0.000136563836388
2017-06-01,1.4477967911e-07
2017-06-02,0.000136431886432
2017-06-03,0.000142681967514
2017-06-04,-7.61355792746e-19
2017-06-05,1.99849210685e-07
2017-06-06,-2.22256170381e-46
2017-06-07,2.64186272653e-34
2017-06-08,2.28065883394e-22
2017-06-09,0.00030025025025
2017-06-10,0.000140692781886
2017-06-11,0.000400000137176
2017-06-12,8.02405749761e-10
2017-06-13,0.000400000000352
2017-06-14,0.000136613886614
2017-06-15,1.90339205303e-19
2017-06-16,5.89514420895e-16
2017-06-17,4.34011013572e-07
2017-06-18,9.80237791387e-07
2017-06-19,1.18537697718e-10
2017-06-20,6.69526669527e-05
2017-06-21,-1.01002806276e-07
2017-06-22,5.00500501511e-07
2017-06-23,5.03012545151e-13
2017-06-24,-0.00040099632565
2017-06-25,6.96883715972e-07
2017-06-26,0.000208333333535
2017-06-27,2.92253470739e-16
2017-06-28,2.14636530542e-07
2017-06-29,-1.66833136731e-05
2017-06-30,-4.41714126365e-22
2017-07-01,4.31343904978e-07
2017-07-02,0.000125000501535
2017-07-03,0.000136363636364
2017-07-04,0.000392856841955
2017-07-05,4.3463637362e-10
2017-07-06,5.05032675854e-16
2017-07-07,9.95985965926e-08
2017-07-08,1.71752326272e-10
2017-07-09,0.000500000702105
2017-07-10,-5.68014982334e-05
2017-07-11,0.000136363636364
2017-07-12,-1.21576607883e-10
2017-07-13,-1.56023313145e-10
2017-07-14,1.36950297568e-10
2017-07-15,1.37185239939e-13
2017-07-16,-1.02922519991e-06
2017-07-17,-1.20995995996e-05
2017-07-18,-6.0060053833e-07
2017-07-19,0.000603055519044
2017-07-20,1.91050251982e-10
2017-07-21,2.002002002e-07
2017-07-22,0.000499599197994
2017-07-23,1.53813573492e-07
2017-07-24,2.00601638688e-10
2017-07-25,2.00827079585e-07
2017-07-26,0.0006
2017-07-27,-6.00400603419e-07
2017-07-28,-0.000103625766038
2017-07-29,-0.000155454768443
2017-07-30,5.01503507516e-11
2017-07-31,0.0005
2017-08-01,8.024059908e-10
2017-08-02,0.000135863737164
2017-08-03,5.03012545152e-13
2017-08-04,0.000609375137177
2017-08-05,0.000166666666667
2017-08-06,-1.96960669915e-05
2017-08-07,0.000136364639371
2017-08-08,-7.25297521207e-28
2017-08-09,5.01001502505e-05
2017-08-10,1.36773821743e-07
2017-08-11,5.64191445955e-10
2017-08-12,0.000300000000566
2017-08-13,2.00200200453e-07
2017-08-14,9.99998436831e-05
2017-08-15,0.00050000000005
2017-08-16,0.000166666666667
2017-08-17,0.000208583583584
2017-08-18,4.88771620034e-20
2017-08-19,2.86573432866e-10
2017-08-20,0.000166803517856
2017-08-21,0.000500091000091
2017-08-22,5.10634334504e-22
2017-08-23,5.01503709909e-10
2017-08-24,5.01867063647e-08
2017-08-25,0.000310611212415
2017-08-26,3.50851853858e-07
2017-08-27,-6.12496221884e-07
2017-08-28,0.0001443001443
2017-08-29,5.01572237872e-10
2017-08-30,3.1796895958e-07
2017-08-31,0.000344444444445
2017-09-01,3.60105104845e-25
2017-09-02,-1.51517241115e-05
2017-09-03,0.000400000000001
2017-09-04,4.87987987988e-07
2017-09-05,8.22982126998e-25
2017-09-06,-9.46149689267e-16
2017-09-07,0.000400000000348
2017-09-08,1.04270736399e-07
2017-09-09,4.01203311045e-10
2017-09-10,4.19181562201e-14
2017-09-11,2.52011305251e-13
2017-09-12,1.16765978884e-10
2017-09-13,-0.0005
2017-09-14,1.9387688691e-07
2017-09-15,5.05032420538e-16
2017-09-16,1.36500639513e-07
2017-09-17,5.0050050088e-07
2017-09-18,1.18813264087e-07
2017-09-19,-0.000800000000167
2017-09-20,-1.02846846772e-25
2017-09-21,0.000285513071885
2017-09-22,1.001001001e-07
2017-09-23,-3.50450363818e-07
2017-09-24,0.000164835831503
2017-09-25,-0.000312499999195
2017-09-26,2.002002002e-07
2017-09-27,5.1867219917e-05
2017-09-28,0.000354521188259
2017-09-29,1.00150753463e-07
2017-09-30,5.55624198082e-08
2017-10-01,-5.55433986784e-16
2017-10-02,1.3650013549e-07
2017-10-03,7.50750750751e-07
2017-10-04,0.000242187140777
2017-10-05,6.27706583931e-31
2017-10-06,3.52108781606e-13
2017-10-07,1.31997176643e-16
2017-10-08,3.69288946443e-10
2017-10-09,-9.46936261056e-17
2017-10-10,1.74388328046e-20
2017-10-11,9.93745749758e-05
2017-10-12,1.25125125126e-07
2017-10-13,0.000325770949869
2017-10-14,-1.31965260433e-07
2017-10-15,-6.00600600197e-07
2017-10-16,-1.8176129677e-10
2017-10-17,5.68750678934e-07
2017-10-18,0.0004
2017-10-19,0.000143285913247
2017-10-20,1.01514105699e-18
2017-10-21,5.00522210508e-07
2017-10-22,0.000142975443478
2017-10-23,3.51052455261e-10
2017-10-24,-4.01102253426e-07
2017-10-25,-3.33334837842e-05
2017-10-26,-5.75413736532e-10
2017-10-27,0.00030000070234
2017-10-28,-8.79667546334e-08
2017-10-29,0.000136263707734
2017-10-30,0.000567037343757
2017-10-31,1.71885575989e-13
2017-11-01,-1.43629395677e-07
2017-11-02,-4.01202401986e-10
2017-11-03,-1.00100099494e-07
2017-11-04,2.02013274595e-16
2017-11-05,5.00500500501e-07
2017-11-06,-4.9499499248e-05
2017-11-07,8.0066858624e-07
2017-11-08,-1.31950131571e-07
2017-11-09,4.00851925131e-07
2017-11-10,2.54596652487e-13
2017-11-11,-1.24988351441e-07
2017-11-12,6.04120086857e-13
2017-11-13,0.000556350211389
2017-11-14,-4.22402012147e-10
2017-11-15,-1.58524877352e-13
2017-11-16,0.000250201701368
2017-11-17,-8.08052281367e-16
2017-11-18,0.000490305380295
2017-11-19,-6.78681512356e-05
